Grupo ID;Insumo Original
Grupo 1;"CODO DE FIERRO MALEABLE GALVANIZADO DE Ø 1 1/2" x 90º CLASE 150 ASTM A197  - ROSCADO"
Grupo 1;"CODO DE FIERRO MALEABLE GALVANIZADO DE Ø 1/2" x 90º CLASE 150 ASTM A197 - ROSCADO"
Grupo 1;"CODO DE FIERRO MALEABLE GALVANIZADO DE Ø 2 1/2" x 90º CLASE 150 ASTM A197  - ROSCADO"
Grupo 1;"CODO DE FIERRO MALEABLE GALVANIZADO DE Ø 1" x 90º CLASE 150 ASTM A197 - ROSCADO"
Grupo 1;"CODO DE FIERRO MALEABLE GALVANIZADO DE Ø 1 1/4" x 90º CLASE 150 ASTM A197  - ROSCADO"
Grupo 2;"TUBERIA SCH - 40 DE Ø 1 1/2""
Grupo 2;"TUBERIA SCH - 40 DE Ø 1/2""
Grupo 2;"TUBERIA SCH - 40 DE Ø 2 1/2""
Grupo 3;"REDUCCIÓN BUSHING DE FIERRO MALEABLE GALVANIZADO DE 1 1/2" X 3/4" CLASE 150 ASTM A197 - ROSCADO"
Grupo 3;"REDUCCIÓN BUSHING DE FIERRO MALEABLE GALVANIZADO DE 3/4" X 1/2" CLASE 150 ASTM A197 - ROSCADO"
Grupo 3;"REDUCCIÓN BUSHING DE FIERRO MALEABLE GALVANIZADO DE 1" X 3/4" CLASE 150 ASTM A197 - ROSCADO"
Grupo 4;"TUBERIA DE COBRE TIPO L DE 1 1/2""
Grupo 4;"TUBERIA DE COBRE TIPO L DE 1/2""
Grupo 4;"TUBERIA DE COBRE TIPO L DE 1""
Grupo 4;"TUBERIA DE COBRE TIPO L DE 1 1/4""
Grupo 4;"TUBERIA DE COBRE TIPO L DE 3/4""
Grupo 5;"REDUCCIÓN BUSHING DE FIERRO MALEABLE GALVANIZADO DE 2 1/2" X 1 1/2" CLASE 150 ASTM A197 - ROSCADO"
Grupo 5;"REDUCCIÓN BUSHING DE FIERRO MALEABLE GALVANIZADO DE 2 1/2" X 1" CLASE 150 ASTM A197 - ROSCADO"
Grupo 6;"REDUCCION BUSHING SCH - 40 1 1/2" - 1 1/4""
Grupo 6;"REDUCCION BUSHING SCH - 40 2" - 1 1/4""
Grupo 6;"REDUCCION BUSHING SCH - 40 1 1/4" - 1""
Grupo 7;"TUBERIA DE COBRE TIPO K ø 1/2""
Grupo 7;"TUBERIA DE COBRE TIPO K ø 2 1/2""
Grupo 7;"TUBERIA DE COBRE TIPO K ø 1""
Grupo 7;"TUBERIA DE COBRE TIPO K Ø1/2""
Grupo 8;"UNION FLEXIBLE ø 1/2""
Grupo 8;"UNION FLEXIBLE Ø 2 1/2""
Grupo 8;"UNION FLEXIBLE ø 1""
Grupo 8;"UNION FLEXIBLE ø 3""
Grupo 9;"REDUCCION BUSHING SCH - 40 2" - 1 1/2""
Grupo 9;"REDUCCION BUSHING SCH - 40 2" - 1""
Grupo 9;"REDUCCION BUSHING  SCH - 40 1 1/2" - 1""
Grupo 10;"UNION SIMPLE DE COBRE DE 1 1/2""
Grupo 10;"UNION SIMPLE DE COBRE DE 1/2""
Grupo 10;"UNION SIMPLE DE COBRE DE 1""
Grupo 10;"UNION SIMPLE DE COBRE DE 2""
Grupo 10;"UNION SIMPLE DE COBRE DE 1 1/4""
Grupo 11;"TUBERIA CEDULA - 40 DE 1 1/2""
Grupo 11;"TUBERIA CEDULA - 40 DE 2 1/2""
Grupo 12;"ADAPTADOR DE COBRE ROSCA MACHO 1/2""
Grupo 12;"ADAPTADOR DE COBRE ROSCA MACHO 2 1/2""
Grupo 12;"ADAPTADOR DE COBRE ROSCA MACHO 1 1/2""
Grupo 12;"ADAPTADOR DE COBRE ROSCA MACHO 1""
Grupo 12;"ADAPTADOR DE COBRE ROSCA MACHO 2""
Grupo 13;"UNION SIMPLE DE FIERRO MALEABLE GALVANIZADO DE 1 1/2" CLASE 150 ASTM A197 - ROSCADO"
Grupo 13;"UNION SIMPLE DE FIERRO MALEABLE GALVANIZADO DE 2 1/2 "CLASE 150 ASTM A197 - ROSCADO"
Grupo 14;"REDUCCION DE COBRE SOLDABLE 1 1/2" - 1 1/4""
Grupo 14;"REDUCCION DE COBRE SOLDABLE 1 1/4" - 1/2""
Grupo 14;"REDUCCION DE COBRE SOLDABLE 2 1/2" - 1 1/4""
Grupo 14;"REDUCCION DE COBRE SOLDABLE 2" - 1 1/4""
Grupo 14;"REDUCCION DE COBRE SOLDABLE 4" - 2 1/2""
Grupo 14;"REDUCCION DE COBRE SOLDABLE 4" - 2""
Grupo 14;"REDUCCION DE COBRE SOLDABLE 1 1/4" - 1""
Grupo 15;"JUNTA FLEXIBLE METAFLEX O SIMILAR, TUBERIA DE 1 1/2""
Grupo 15;"JUNTA FLEXIBLE METAFLEX O SIMILAR, TUBERIA DE 1/2""
Grupo 15;"JUNTA FLEXIBLE METAFLEX O SIMILAR, TUBERIA DE 1""
Grupo 16;"UNION UNIVERSAL 1 1/2" CLASE150 MI 197 - ROSCADO FIERRO MALEABLE"
Grupo 16;"UNION UNIVERSAL 1/2" CLASE150 MI 197 - ROSCADO FIERRO MALEABLE"
Grupo 16;"UNION UNIVERSAL 1" CLASE150 MI 197 - ROSCADO FIERRO MALEABLE"
Grupo 17;"TEE MECANICA SCH - 40 4" - 1 1/4""
Grupo 17;"TEE MECANICA SCH - 40 4" - 1""
Grupo 17;"TEE MECANICA SCH - 40 6" - 1 1/4""
Grupo 18;"UNION UNIVERSAL DE BRONCE 1 1/2""
Grupo 18;"UNION UNIVERSAL DE BRONCE 1/2""
Grupo 18;"UNION UNIVERSAL DE BRONCE 2 1/2""
Grupo 18;"UNION UNIVERSAL DE BRONCE 2""
Grupo 18;"UNION UNIVERSAL DE BRONCE 1""
Grupo 19;"JUNTA FLEXIBLE DE EXPANSION DE ACERO INOXIDABLE 1 1/2", 1M"
Grupo 19;"JUNTA FLEXIBLE DE EXPANSION DE ACERO INOXIDABLE 1/2", 1M"
Grupo 19;"JUNTA FLEXIBLE DE EXPANSION DE ACERO INOXIDABLE 2", 1M"
Grupo 19;"JUNTA FLEXIBLE DE EXPANSION DE ACERO INOXIDABLE 1", 1M"
Grupo 19;"JUNTA FLEXIBLE DE EXPANSION DE ACERO INOXIDABLE 1 1/4", 1M"
Grupo 19;"JUNTA FLEXIBLE DE EXPANSION DE ACERO INOXIDABLE 3/4", 1M"
Grupo 20;"COLGADOR TIPO GOTA 1/2" INCL ACCESORIOS"
Grupo 20;"COLGADOR TIPO GOTA 2 1/2" INCL ACCESORIOS"
Grupo 20;"COLGADOR TIPO GOTA 1 1/2" INCL ACCESORIOS"
Grupo 20;"COLGADOR TIPO GOTA 1" INCL ACCESORIOS"
Grupo 20;"COLGADOR TIPO GOTA 2" INCL ACCESORIOS"
Grupo 20;"COLGADOR TIPO GOTA 1 1/4" INCL ACCESORIOS"
Grupo 20;"COLGADOR TIPO GOTA 6" INCL ACCESORIOS"
Grupo 21;"JUNTA FLEXIBLE DE EXPANSION DE ACERO INOX. DE Ø 1 1/2""
Grupo 21;"JUNTA FLEXIBLE DE EXPANSION DE ACERO INOX. DE Ø 2 1/2""
Grupo 22;"ADAPTADOR DE COBRE TIPO L 1 1/2""
Grupo 22;"ADAPTADOR DE COBRE TIPO L 1/2""
Grupo 22;"ADAPTADOR DE COBRE TIPO L 1""
Grupo 22;"ADAPTADOR DE COBRE TIPO L 1 1/4""
Grupo 22;"ADAPTADOR DE COBRE TIPO L 3/4""
Grupo 23;"TEE MECANICA SCH - 40 2 1/2" - 1 1/4""
Grupo 23;"TEE MECANICA SCH - 40 4" - 1 1/2""
Grupo 24;"JUNTA DE EXPANSIÓN SISMICA DE 1/2""
Grupo 24;"JUNTA DE EXPANSIÓN SISMICA DE 2 1/2""
Grupo 24;"JUNTA DE EXPANSIÓN SISMICA DE 1""
Grupo 24;"JUNTA DE EXPANSIÓN SISMICA DE 2""
Grupo 25;"TUBO DE ACERO AL CARBONO SOLDABLE SCH - 40 DE 1 1/2" X 6 m"
Grupo 25;"TUBO DE ACERO AL CARBONO SOLDABLE SCH - 40 DE 1/2" X 6 m"
Grupo 25;"TUBO DE ACERO AL CARBONO SOLDABLE SCH - 40 DE 2 1/2" X 6 m"
Grupo 26;"TEE MECANICA SCH - 40 2 1/2" - 1 1/2""
Grupo 26;"TEE MECANICA SCH - 40 2 1/2" - 1""
Grupo 27;"REDUCCION DE COBRE SOLDABLE 1 1/2" - 1""
Grupo 27;"REDUCCION DE COBRE SOLDABLE 1 1/2" - 1/2""
Grupo 27;"REDUCCION DE COBRE SOLDABLE 1" - 1/2""
Grupo 27;"REDUCCION DE COBRE SOLDABLE 2 1/2" - 1 1/2""
Grupo 27;"REDUCCION DE COBRE SOLDABLE 2 1/2" - 2""
Grupo 27;"REDUCCION DE COBRE SOLDABLE 2" - 1 1/2""
Grupo 27;"REDUCCION DE COBRE SOLDABLE 2" - 1""
Grupo 28;"TEE DE FIERRO MALEABLE GALVANIZADO DE Ø 1 1/2" CLASE 150 ASTM A197 - ROSCADO"
Grupo 28;"TEE DE FIERRO MALEABLE GALVANIZADO DE Ø 1/2" CLASE 150 ASTM A197 - ROSCADO"
Grupo 28;"TEE DE FIERRO MALEABLE GALVANIZADO DE 2 1/2" CLASE 150 ASTM A197 - ROSCADO"
Grupo 28;"TEE DE FIERRO MALEABLE GALVANIZADO DE Ø 1" CLASE 150 ASTM A197 - ROSCADO"
Grupo 28;"TEE DE FIERRO MALEABLE GALVANIZADO DE Ø 3/4" CLASE 150 ASTM A197 - ROSCADO"
Grupo 29;"TEE DE COBRE SOLDABLE  1/2""
Grupo 29;"TEE DE COBRE SOLDABLE  2 1/2""
Grupo 30;"TEE  1 1/2" x 90º CLASE150 MI 197 - ROSCADO FIERRO MALEABLE"
Grupo 30;"TEE  1/2" x 90º CLASE150 MI 197 - ROSCADO FIERRO MALEABLE"
Grupo 30;"TEE  1" x 90º CLASE150 MI 197 - ROSCADO FIERRO MALEABLE"
Grupo 31;"UNION UNIVERSAL DE COBRE 1 1/2""
Grupo 31;"UNION UNIVERSAL DE COBRE 1/2""
Grupo 31;"UNION UNIVERSAL DE COBRE 1""
Grupo 31;"UNION UNIVERSAL DE COBRE 2""
Grupo 31;"UNION UNIVERSAL DE COBRE 1 1/4""
Grupo 31;"UNION UNIVERSAL DE COBRE 3/4""
Grupo 32;"ventana (V-10')2.00 X 0.60m MARCOS DE ALUMINIO VIDRIO LAMINADO 6mm"
Grupo 32;"VENTANA (V-10)2.00 X 0.60m MARCOS DE ALUMINIO VIDRIO LAMINADO 6mm"
Grupo 33;"AISLADORES TERMICOS PARA TUBERIAS DE 1 1/2""
Grupo 33;"AISLADORES TERMICOS PARA TUBERIAS DE 2 1/2""
Grupo 33;"AISLADORES TERMICOS PARA TUBERIAS DE 2""
Grupo 33;"AISLADORES TERMICOS PARA TUBERIAS DE 1""
Grupo 34;"UNION UNIVERSAL DE COBRE TIPO L 1 1/2""
Grupo 34;"UNION UNIVERSAL DE COBRE TIPO L 1/2""
Grupo 35;"ABRAZADERA UNISTRUT DE 1 1/2''"
Grupo 35;"ABRAZADERA UNISTRUT DE 1/2''"
Grupo 35;"ABRAZADERA UNISTRUT DE 2 1/2''"
Grupo 35;"ABRAZADERA UNISTRUT DE 2''"
Grupo 36;"REDUCCION DE COBRE SOLDABLE 1 1/2" - 3/4""
Grupo 36;"REDUCCION DE COBRE SOLDABLE 3/4" - 1/2""
Grupo 36;"REDUCCION DE COBRE SOLDABLE 2" - 3/4""
Grupo 36;"REDUCCION DE COBRE SOLDABLE 3" - 2""
Grupo 36;"REDUCCION DE COBRE SOLDABLE 4" - 3""
Grupo 37;"VALVULA ESFERICA DE BRONCE DE 1/2""
Grupo 37;"VALVULA ESFERICA DE BRONCE DE 2 1/2""
Grupo 37;"VALVULA ESFERICA DE BRONCE DE 1 1/2"
Grupo 37;"VALVULA ESFERICA DE BRONCE DE 2""
Grupo 37;"VALVULA ESFERICA DE BRONCE DE 1""
Grupo 37;"VALVULA ESFERICA DE BRONCE PESADA 1/2""
Grupo 38;"SALIDA DE SISTEMA DE RETORNO CONDENSADO Ø 1 1/2""
Grupo 38;"SALIDA DE SISTEMA DE RETORNO CONDENSADO Ø 1/2""
Grupo 38;"SALIDA DE SISTEMA DE RETORNO CONDENSADO Ø 3/4""
Grupo 39;"REDUCCIÓN BUSHING DE FIERRO MALEABLE GALVANIZADO DE 1 1/2" X 1" CLASE 150 ASTM A197 - ROSCADO"
Grupo 39;"REDUCCIÓN BUSHING DE FIERRO MALEABLE GALVANIZADO DE 1 1/2" X 1/2" CLASE 150 ASTM A197 - ROSCADO"
Grupo 40;"REDUCCION DE COBRE SOLDABLE 1 1/4" - 3/4""
Grupo 40;"REDUCCION DE COBRE SOLDABLE 1" - 3/4""
Grupo 41;"VALVULA DE BOLA ESFERICA DE BRONCE 1/2""
Grupo 41;"VALVULA DE BOLA ESFERICA DE BRONCE 2 1/2""
Grupo 41;"VALVULA DE BOLA ESFERICA DE BRONCE 1 1/2""
Grupo 41;"VALVULA DE BOLA ESFERICA DE BRONCE 1""
Grupo 42;"UNION UNIVERSAL DE FIERRO MALEABLE GALVANIZADO DE Ø 1 1/2" CLASE 150 ASTM A197"
Grupo 42;"UNION UNIVERSAL DE FIERRO MALEABLE GALVANIZADO DE Ø 1/2" CLASE 150 ASTM A197"
Grupo 42;"UNION UNIVERSAL DE FIERRO MALEABLE GALVANIZADO DE Ø 2 1/2" CLASE 150 ASTM A197"
Grupo 42;"UNION UNIVERSAL DE FIERRO MALEABLE GALVANIZADO DE Ø 1" CLASE 150 ASTM A197"
Grupo 42;"UNION UNIVERSAL DE FIERRO MALEABLE GALVANIZADO DE Ø 1 1/4" CLASE 150 ASTM A197"
Grupo 42;"UNION UNIVERSAL DE FIERRO MALEABLE GALVANIZADO DE Ø 3/4" CLASE 150 ASTM A197"
Grupo 43;"CODO DE COBRE SOLDABLE 1 1/2" x 45°"
Grupo 43;"CODO DE COBRE SOLDABLE 1/2" X 45°"
Grupo 43;"CODO DE COBRE SOLDABLE 1" x 45°"
Grupo 44;"REDUCCIÓN DE COBRE TIPO L DE 1 1/2" A 1""
Grupo 44;"REDUCCIÓN DE COBRE TIPO L DE 1" A 1/2""
Grupo 45;"REDUCCION DE COBRE SOLDABLE 3" - 1 1/2""
Grupo 45;"REDUCCION DE COBRE SOLDABLE 3" - 2 1/2""
Grupo 46;"CODO DE COBRE SOLDABLE  1/2" x 90°"
Grupo 46;"CODO DE COBRE SOLDABLE  2 1/2" x 90°"
Grupo 46;"CODO DE COBRE SOLDABLE  1 1/2" x 90°"
Grupo 46;"CODO DE COBRE SOLDABLE  1" x 90°"
Grupo 46;"CODO DE COBRE SOLDABLE  2" x 90°"
Grupo 47;"VALVULA DE BOLA 1 1/2" SCRD 150 PSI"
Grupo 47;"VALVULA DE BOLA 1/2" SCRD 150 PSI"
Grupo 47;"VALVULA DE BOLA 1" SCRD 150 PSI"
Grupo 48;"VALVULA CHECK DE BRONCE ∅ 2 1/2""
Grupo 48;"VALVULA CHECK DE BRONCE DE 1 1/2""
Grupo 48;"VALVULA CHECK DE BRONCE DE 1/2""
Grupo 48;"VALVULA CHECK DE BRONCE DE 1""
Grupo 49;"VALVULA COMPUERTA DE BRONCE 1/2""
Grupo 49;"VALVULA COMPUERTA DE BRONCE DE 2 1/2""
Grupo 49;"VALVULA COMPUERTA DE BRONCE 1 1/2""
Grupo 49;"VALVULA COMPUERTA DE BRONCE 1""
Grupo 49;"VALVULA DE COMPUERTA DE BRONCE ø 2""
Grupo 49;"VALVULA DE COMPUERTA BRONCE DE 6""
Grupo 50;"CODO DE COBRE DE TIPO L 1 1/2" X 90º"
Grupo 50;"CODO DE COBRE DE TIPO L 1/2" X 90º"
Grupo 50;"CODO DE COBRE DE TIPO L 1" X 90º"
Grupo 51;"CODO 1 1/2" x 90º CLASE150 MI 197 ROSCADO FIERRO MALEABLE"
Grupo 51;"CODO 1/2" x 90º CLASE150 MI 197 ROSCADO FIERRO MALEABLE"
Grupo 51;"CODO 1" x 90º CLASE150 MI 197 ROSCADO FIERRO MALEABLE"
Grupo 51;"CODO 4" x 90º CLASE150 MI 197 SOLDADO ROSCADO FIERRO MALEABLE"
Grupo 51;"CODO 10" x 90º CLASE150 MI 197 SOLDADO FIERRO MALEABLE"
Grupo 52;"CODO DE ACERO AL CARBONO -  ROSCADO SCH-40 1 1/2"X90°"
Grupo 52;"CODO DE ACERO AL CARBONO -  ROSCADO SCH-40 1/2"X90°"
Grupo 52;"CODO DE ACERO AL CARBONO -  ROSCADO SCH-40 1"X90°"
Grupo 52;"CODO DE ACERO AL CARBONO -  ROSCADO SCH-40 3/4"X90°"
Grupo 53;"CRUZ SCH - 40 1 1/2""
Grupo 53;"CRUZ SCH - 40 2 1/2""
Grupo 53;"CRUZ SCH - 40 2""
Grupo 54;"UNION DE COBRE PARA SOLDAR 1 1/2""
Grupo 54;"UNION DE COBRE PARA SOLDAR 1/2""
Grupo 54;"UNION DE COBRE PARA SOLDAR 2 1/2"
Grupo 54;"UNION DE COBRE PARA SOLDAR 2""
Grupo 54;"UNION DE COBRE PARA SOLDAR 1""
Grupo 55;"TUBO DE FIERRO GALVANIZADO DE 1" x 2.5mm"
Grupo 55;"TUBO DE FIERRO GALVANIZADO DE 1/2" x 2.5mm"
Grupo 55;"TUBO DE FIERRO GALVANIZADO DE 1 1/2" x 2.5mm"
Grupo 55;"TUBO DE FIERRO GALVANIZADO DE 1 1/4" x 2.5mm"
Grupo 55;"TUBO DE FIERRO GALVANIZADO DE 2" x 2.5mm"
Grupo 56;"TUBO DE COBRE TIPO K Ø  1 1/2""
Grupo 56;"TUBO DE COBRE TIPO K Ø  1/2""
Grupo 56;"TUBO DE COBRE TIPO K Ø  2""
Grupo 57;"TUBO DE COBRE TIPO L Ø 1 1/2" x 6M"
Grupo 57;"TUBO DE COBRE TIPO L Ø 1/2" x 6M"
Grupo 57;"TUBO DE COBRE TIPO L Ø  2 1/2" x 6M"
Grupo 57;"TUBO DE COBRE TIPO L Ø 2" x 6M"
Grupo 57;"TUBO DE COBRE TIPO L Ø 1" x 6M"
Grupo 57;"TUBO DE COBRE TIPO L Ø 1 1/4" x 6M"
Grupo 58;"ACOPLADOR HDMI PARA FACEPLATE"
Grupo 58;"FACEPLATE PARA ACOPLADOR HDMI"
Grupo 59;"ACOPLE SCH - 40 1 1/2""
Grupo 59;"ACOPLE SCH - 40 2 1/2""
Grupo 59;"ACOPLE SCH - 40 2""
Grupo 59;"ACOPLE SCH - 40 1""
Grupo 60;"TUBO DE ACERO AL CARBONO SOLDABLE SCH - 40 DE 1 1/4" X 6 m"
Grupo 60;"TUBO DE ACERO AL CARBONO SOLDABLE SCH - 40 DE 1" X 6 m"
Grupo 61;"TUBO DE ACERO AL CARBONO SOLDABLE SCH - 40 DE 3" X 6 m"
Grupo 61;"TUBO DE ACERO AL CARBONO SOLDABLE SCH - 40 DE 3/4" X 6 m"
Grupo 62;"UPS Trifasico 380/220 V, 2 KVA , 2 Baterias internas"
Grupo 62;"UPS Trifasico 380/220 V,20 KVA , 2 Baterias internas"
Grupo 62;"UPS Trifasico 380/220 V, 5 KVA , 2 Baterias internas"
Grupo 62;"UPS Trifasico 380/220 V, 10 KVA , 2 Baterias internas"
Grupo 62;"UPS Trifasico 380/220 V,15 KVA , 2 Baterias internas"
Grupo 62;"UPS Trifasico 380/220 V,75 KVA , 2 Baterias internas"
Grupo 63;"REDUCCIÓN EXCENTRICA CAMPANA DE  FIERRO MALEABLE GALVANIZADO DE 1" X 3/4" CLASE 150 ASTM A197 - ROSCADO"
Grupo 63;"REDUCCIÓN EXCENTRICA CAMPANA DE FIERRO MALEABLE GALVANIZADO DE 1 1/2" X 3/4" CLASE 150 ASTM A197 - ROSCADO"
Grupo 63;"REDUCCIÓN EXCENTRICA CAMPANA DE  FIERRO MALEABLE GALVANIZADO DE 1 1/2" X 1" CLASE 150 ASTM A197 - ROSCADO"
Grupo 64;"INTERRUPTOR TERMOMAGNETICO DE FUERZA 4x100 A"
Grupo 64;"INTERRUPTOR TERMOMAGNETICO DE FUERZA 4x1000 A"
Grupo 64;"INTERRUPTOR TERMOMAGNETICO DE FUERZA 4x2000 A"
Grupo 65;"BOQUILLA DE DESCARGA SISTEMA FM-200 DE 1 1/2""
Grupo 65;"BOQUILLA DE DESCARGA SISTEMA FM-200 DE 1""
Grupo 66;"CODO DE FIERRO MALEABLE GALVANIZADO DE Ø 3" x 90º CLASE 150 ASTM A197 - ROSCADO"
Grupo 66;"CODO DE FIERRO MALEABLE GALVANIZADO DE Ø 3/4" x 90º CLASE 150 ASTM A197  - ROSCADO"
Grupo 67;"ANALIZADOR AUTOMATIZADO PARA INMUNOBIOQUIMICA DE ELECTROQUIMIOLUMINISCENCIA"
Grupo 67;"P.A. ANALIZADOR AUTOMATIZADO PARA INMUNOBIOQUIMICA DE ELECTROQUIMIOLUMINISCENCIA"
Grupo 68;"SUMINISTRO E INSTALACION DE PAQUETE DE PURGA TERMODINAMICA DE 1 1/2"(SEGUN DISEÑO)"
Grupo 68;"SUMINISTRO E INSTALACION DE PAQUETE DE PURGA TERMODINAMICA DE 1"(SEGUN DISEÑO)"
Grupo 68;"SUMINISTRO E INSTALACION DE PAQUETE DE PURGA TERMODINAMICA DE 3/4"(SEGUN DISEÑO)"
Grupo 69;"MONITOR DE FUNCIONES VITALES DE 6 PARAMETROS (ATENCIÓN AL RECIÉN NACIDO)"
Grupo 69;"P.A. MONITOR DE FUNCIONES VITALES DE 6 PARAMETROS (ATENCIÓN AL RECIÉN NACIDO)"
Grupo 70;"SUMINISTRO E INSTALACION DE PAQUETE FINALES DE LINEA DE 1 1/2"  (SEGUN DISEÑO)"
Grupo 70;"SUMINISTRO E INSTALACION DE PAQUETE FINALES DE LINEA DE 1"  (SEGUN DISEÑO)"
Grupo 70;"SUMINISTRO E INSTALACION DE PAQUETE FINALES DE LINEA  DE 3/4 "(SEGUN DISEÑO)"
Grupo 71;"Bandeja tipo malla de 60x200x3000mm electrozincado con aterramiento incluye accesorios de instalación"
Grupo 71;"Bandeja tipo malla de 60x300x3000mm electrozincado con aterramiento incluye accesorios de instalación"
Grupo 71;"Bandeja tipo malla de 60x500x3000mm electrozincado con aterramiento incluye accesorios de instalación"
Grupo 71;"Bandeja tipo malla de 105x600x3000mm electrozincado con aterramiento incluye accesorios de instalación"
Grupo 72;"SUMINISTRO E INSTALACION DE PAQUETE DE PURGA DE LINEA DE 1 1/2" (SEGUN DISEÑO)"
Grupo 72;"SUMINISTRO E INSTALACION DE PAQUETE DE PURGA DE LINEA DE 1" (SEGUN DISEÑO)"
Grupo 73;"TOMACORRIENTE DOBLE. UNIV, CON PUESTA A TIERRA, 16 A. 250 V. USO GENERAL (ESTAB).  (EQUIP. MEDICO).  EMP. EN MURO. H=1.1"
Grupo 73;"TOMACORRIENTE DOBLE. UNIV, CON PUESTA A TIERRA, 16 A. 250 V. USO GENERAL (ESTAB.).  (EQUIP. MEDICO). EMP. EN MURO."
Grupo 73;"TOMACORRIENTE DOBLE. UNIV, CON PUESTA A TIERRA, 16 A. 250 V. USO GENERAL (ESTAB).  (EQUIP. MEDICO).  EMP. EN MURO. H=0.4"
Grupo 74;"SUMINISTRO E INSTALACION DE ESTACION REDUCTORA DE PRESION = 150 PSIG. DE Ø 1""
Grupo 74;"SUMINISTRO E INSTALACION DE ESTACION REDUCTORA DE PRESION = 150 PSIG.DE  Ø 1 1/2""
Grupo 74;"SUMINISTRO E INSTALACION DE ESTACION REDUCTORA DE PRESION = 150 PSIG. DE Ø 3/4""
Grupo 75;"CODO DE COBRE SOLDABLE 3" x 45°"
Grupo 75;"CODO DE COBRE SOLDABLE 3/4" x 45°"
Grupo 75;"CODO DE COBRE SOLDABLE 4" x 45°"
Grupo 76;"CODO SCH - 40 1 1/4" x 90º ROSCADO"
Grupo 76;"CODO SCH - 40 1" x 90º  ROSCADO"
Grupo 76;"CODO SCH - 40 1 1/2" x 90º ROSCADO"
Grupo 76;"CODO SCH - 40 2" x 90º ROSCADO"
Grupo 77;"MB-02 MUEBLE TABLERO AGLOMERADO ENCHAPADO EN PLANCHA LAMINADA POST FORMADA INC. INSTALACION"
Grupo 77;"MB-02a MUEBLE TABLERO AGLOMERADO ENCHAPADO EN PLANCHA LAMINADA POST FORMADA INC. INSTALACION"
Grupo 77;"MB-08a MUEBLE TABLERO AGLOMERADO  ENCHAPADO EN PLANCHA LAMINADA POST FORMADA INC. INSTALACION"
Grupo 78;"Transformador de Aislamiento Trifasico 380/220 V, 2 KVA"
Grupo 78;"Transformador de Aislamiento Trifasico 380/220 V, 20 KVA"
Grupo 78;"Transformador de Aislamiento Trifasico 380/220 V, 5 KVA"
Grupo 78;"Transformador de Aislamiento Trifasico 380/220 V, 75 KVA"
Grupo 79;"TEE MECANICA SCH - 40 3 - 1 1/4""
Grupo 79;"TEE MECANICA SCH - 40 3" - 1""
Grupo 79;"TEE MECANICA SCH - 40 3" - 1 1/2""
Grupo 80;"P.A. ESTERILIZADOR  CON GENERADOR ELECTRICO DE VAPOR (DUAL) DE 200/250 LITROS CON DOBLE PUERTA"
Grupo 80;"ESTERILIZADOR CON GENERADOR ELECTRICO DE VAPOR (DUAL) DE 200/250 LITROS CON DOBLE PUERTA"
Grupo 81;"TUBERIA CEDULA - 40 DE 1 1/4""
Grupo 81;"TUBERIA CEDULA - 40 DE 1""
Grupo 81;"TUBERIA CEDULA - 40 DE 4""
Grupo 81;"TUBERIA CEDULA - 40 DE 3""
Grupo 81;"TUBERIA CEDULA - 40 DE 6""
Grupo 82;"P.A. ELECTROBISTURI MONOPOLAR I BIPOLAR DIGITAL CON PINZA HEMOSTATICA DE VASOS"
Grupo 82;"ELECTROBISTURI MONOPOLAR I BIPOLAR DIGITAL CON PINZA HEMOSTATICA DE VASOS"
Grupo 83;"P.A. VENTILADOR MECANICO ADULTO - PEDIATRICO - NEONATAL"
Grupo 83;"VENTILADOR MECANICO ADULTO - PEDIATRICO - NEONATAL"
Grupo 84;"TABLERO AUTOSOPORTADO CON TERMOMAGNETICOS REGULABLES DE 01 IGTF + 10 ITF DE 380/220 VOLTIOS, 600 KVA"
Grupo 84;"TABLERO AUTOSOPORTADO CON TERMOMAGNETICOS REGULABLES DE 01 IGTF + 12 ITF DE 380/220 VOLTIOS, 600 KVA"
Grupo 85;"TABLERO AUTOSOPORTADO CON TERMOMAGNETICOS REGULABLES DE 01 IGTF + 06 ITF DE 380/220 VOLTIOS, 600 KVA"
Grupo 85;"TABLERO AUTOSOPORTADO CON TERMOMAGNETICOS REGULABLES DE 01 IGTF + 08 ITF DE 380/220 VOLTIOS, 600 KVA"
Grupo 85;"TABLERO AUTOSOPORTADO CON TERMOMAGNETICOS REGULABLES DE 01 IGTF + 04 ITF DE 380/220 VOLTIOS, 600 KVA"
Grupo 85;"TABLERO AUTOSOPORTADO CON TERMOMAGNETICOS REGULABLES DE 01 IGTF DE 380/220 VOLTIOS, 600 KVA"
Grupo 86;"REDUCCION SCH - 40 2 1/2" - 2""
Grupo 86;"REDUCCION SCH - 40 4" - 2 1/2""
Grupo 86;"REDUCCION SCH - 40 3" - 2 1/2""
Grupo 86;"REDUCCION SCH - 40 6" - 2 1/2""
Grupo 86;"REDUCCION SCH - 40 3" - 2""
Grupo 86;"REDUCCION SCH - 40 4" - 2""
Grupo 86;"REDUCCION SCH - 40 4" - 3""
Grupo 87;"TEE SCH - 40 1 1/4" ROSCADO"
Grupo 87;"TEE SCH - 40 1" ROSCADO"
Grupo 87;"TEE SCH - 40 1 1/2" ROSCADO"
Grupo 87;"TEE SCH - 40 2" ROSCADO"
Grupo 88;"TOMACORRIENTE DOBLE UNIVERSAL CON PUESTA A TIERRA, 16 A. 250 V. USO GENERAL GRADO HOSPITALARIO, EMP. EN MURO. H=1.10m"
Grupo 88;"TOMACORRIENTE DOBLE UNIVERSAL CON PUESTA A TIERRA, 16 A. 250 V. USO GENERAL GRADO HOSPITALARIO, EMP. EN MURO. H=1.50m"
Grupo 88;"TOMACORRIENTE DOBLE UNIVERSAL CON PUESTA A TIERRA, 16 A. 250 V. USO GENERAL GRADO HOSPITALARIO, EMP. EN MURO. H=2.20m"
Grupo 88;"TOMACORRIENTE DOBLE UNIVERSAL CON PUESTA A TIERRA, 16 A. 250 V. USO GENERAL GRADO HOSPITALARIO, EMP. EN MURO. H=0.90m"
Grupo 88;"TOMACORRIENTE DOBLE UNIVERSAL CON PUESTA A TIERRA, 16 A. 250 V.  PARA USO GENERAL GRADO HOSPITALARIO, EMP. EN TECHO"
Grupo 89;"ANALIZADOR AUTOMATICO PARA MICROBIOLOGIA"
Grupo 89;"P.A. ANALIZADOR AUTOMATICO PARA MICROBIOLOGIA"
Grupo 90;"ADAPTADOR PARA SOLDAR DE COBRE HEMBRA 1 1/4""
Grupo 90;"ADAPTADOR PARA SOLDAR DE COBRE HEMBRA 1""
Grupo 90;"ADAPTADOR PARA SOLDAR DE COBRE HEMBRA 1/2""
Grupo 90;"ADAPTADOR PARA SOLDAR DE COBRE HEMBRA 3/4""
Grupo 91;"AISLADORES TERMICOS PARA TUBERIAS DE 1 1/4""
Grupo 91;"AISLADORES TERMICOS PARA TUBERIAS DE 4""
Grupo 91;"AISLADORES TERMICOS PARA TUBERIAS DE 3""
Grupo 92;"MB-01 MUEBLE TABLERO AGLOMERADO ENCHAPADO EN PLANCHA LAMINADA POST FORMADA INC. INSTALACION"
Grupo 92;"MB-03 MUEBLE TABLERO AGLOMERADO ENCHAPADO EN PLANCHA LAMINADA POST FORMADA INC. INSTALACION"
Grupo 92;"MB-04a MUEBLE TABLERO AGLOMERADO  ENCHAPADO EN PLANCHA LAMINADA POST FORMADA INC. INSTALACION"
Grupo 93;"UNION UNIVERSAL DE FIERRO GALVANIZADO 1 1/2""
Grupo 93;"UNION UNIVERSAL DE FIERRO GALVANIZADO 1""
Grupo 94;"COLGADOR TIPO GOTA  3/4" INCL ACCESORIOS"
Grupo 94;"COLGADOR TIPO GOTA 3" INCL ACCESORIOS"
Grupo 94;"COLGADOR TIPO GOTA 4" INCL ACCESORIOS"
Grupo 95;"UNION CEDULA 40 1 1/4""
Grupo 95;"UNION CEDULA 40 1""
Grupo 95;"UNION CEDULA 40 1 1/2""
Grupo 96;"P.A. VENTILADOR MECANICO ADULTO PEDIATRICO"
Grupo 96;"VENTILADOR MECANICO ADULTO PEDIATRICO"
Grupo 97;"COLGADOR PARA 2 TUBERIA TIPO CANAL F.G. UNISTRUT (INCL. VARILLA ROSCADA 5/8")"
Grupo 97;"COLGADOR PARA 3 TUBERIA TIPO CANAL F.G. UNISTRUT (INCL. VARILLA ROSCADA 5/8")"
Grupo 97;"COLGADOR PARA 1 TUBERIA TIPO CANAL F.G. UNISTRUT (INCL. VARILLA ROSCADA 5/8")"
Grupo 98;"REDUCCIÓN DE COBRE TIPO L DE 1" A 3/4""
Grupo 98;"REDUCCIÓN DE COBRE TIPO L DE 3/4" A 1/2""
Grupo 98;"REDUCCIÓN DE COBRE TIPO L DE 1 1/2" A 1 1/4""
Grupo 99;"ADAPTADOR DE COBRE ROSCA MACHO 3/4""
Grupo 99;"ADAPTADOR DE COBRE ROSCA MACHO 4""
Grupo 99;"ADAPTADOR DE COBRE ROSCA MACHO 1 1/4""
Grupo 99;"ADAPTADOR DE COBRE ROSCA MACHO 3""
Grupo 99;"ADAPTADOR DE COBRE ROSCA MACHO 3/8""
Grupo 99;"ADAPTADOR DE COBRE ROSCA MACHO 6""
Grupo 100;"TUBO DE ACERO NEGRO CEDULA 40 Ø 1 1/2""
Grupo 100;"TUBO DE ACERO NEGRO CEDULA 40 Ø 1""
Grupo 100;"TUBO DE ACERO NEGRO CEDULA 40 Ø 4""
Grupo 100;"TUBO DE ACERO NEGRO CEDULA 80 Ø 1/2""
Grupo 101;"P.A. ANALIZADOR HEMATOLOGICO AUTOMATICO DE 5 DIFERENCIALES"
Grupo 101;"ANALIZADOR HEMATOLOGICO AUTOMATICO DE 5 DIFERENCIALES"
Grupo 102;"Luminaria hermetico panel tipo Led 36 W de 0.60 x 0.60 m para empotrar IP 65, para ambientes esteriles con alto grado de"
Grupo 102;"Luminaria hermetico panel tipo Led 46 W de 0.60 x 0.60 m para empotrar IP 65, para ambientes esteriles con alto grado de"
Grupo 103;"P.A. CARRO PARA TRANSPORTE DE PERSONAL, TIPO TODO TERRENO"
Grupo 103;"CARRO PARA TRANSPORTE DE PERSONAL, TIPO TODO TERRENO"
Grupo 104;"JUNTA FLEXIBLE ANTISISMICO DE 1""
Grupo 104;"JUNTA FLEXIBLE ANTISISMICO DE 2 1/2""
Grupo 104;"JUNTA FLEXIBLE ANTISISMICO DE 2""
Grupo 104;"JUNTA FLEXIBLE ANTISISMICO DE 3""
Grupo 104;"JUNTA FLEXIBLE ANTISISMICO DE 4""
Grupo 104;"JUNTA FLEXIBLE ANTISISMICO DE 6""
Grupo 105;"UNION UNIVERSAL DE COBRE TIPO L 1 1/4""
Grupo 105;"UNION UNIVERSAL DE COBRE TIPO L 1""
Grupo 106;"VALVULA REGULADORA DE PRESION DE 1 1/2""
Grupo 106;"VALVULA REGULADORA DE PRESION DE 1""
Grupo 107;"UNION SIMPLE DE COBRE TIPO L 1 1/2""
Grupo 107;"UNION SIMPLE DE COBRE TIPO L 1""
Grupo 108;"VALVULA COMPUERTA DE BRONCE 3/4""
Grupo 108;"VALVULA COMPUERTA DE BRONCE DE 3""
Grupo 108;"VALVULA COMPUERTA DE BRONCE 4""
Grupo 109;"SUMINISTRO E INSTALACION UMA(unidad manejadora de aire) - 680 CFM"
Grupo 109;"SUMINISTRO E INSTALACION UMA(unidad manejadora de aire) - 688 CFM"
Grupo 109;"SUMINISTRO E INSTALACION UMA(unidad manejadora de aire) - 660 CFM"
Grupo 109;"SUMINISTRO E INSTALACION UMA(unidad manejadora de aire) - 650 CFM"
Grupo 109;"SUMINISTRO E INSTALACION UMA(unidad manejadora de aire)- 600 CFM"
Grupo 109;"SUMINISTRO E INSTALACION UMA(unidad manejadora de aire) - 750 CFM"
Grupo 109;"SUMINISTRO E INSTALACION UMA(unidad manejadora de aire) - 732 CFM"
Grupo 110;"ESTANTERIA METALICA DE ANGULOS RANURADOS DE O1 CUERPO O5 ANAQUELES"
Grupo 110;"ESTANTERIA METALICA DE ANGULOS RANURADOS DE O1 CUERPO O5 ANAQUELES O MÁS"
Grupo 111;"VALVULA ESFERICA DE BRONCE DE 3/4""
Grupo 111;"VALVULA ESFERICA DE BRONCE DE 4""
Grupo 111;"VALVULA ESFERICA DE BRONCE DE 3""
Grupo 111;"VALVULA ESFERICA DE BRONCE DE 1 1/4""
Grupo 111;"VALVULA DE BOLA ESFERICA DE BRONCE 3/4""
Grupo 112;"VALVULA DE BOLA DE TRES PIEZAS DE 1/2""
Grupo 112;"VALVULA DE BOLA DE TRES PIEZAS DE 2""
Grupo 112;"VALVULA DE BOLA DE TRES PIEZAS DE 1""
Grupo 112;"VALVULA DE BOLA DE TRES PIEZAS DE 1 1/4""
Grupo 112;"VALVULA DE BOLA DE TRES PIEZAS DE 3/4""
Grupo 112;"VÁLVULA DE BOLA DE TRES PIEZAS DE 1 1/2""
Grupo 113;"UNION DE COBRE PARA SOLDAR 3/4""
Grupo 113;"UNION DE COBRE PARA SOLDAR 4""
Grupo 113;"UNION DE COBRE PARA SOLDAR 3""
Grupo 113;"UNION DE COBRE PARA SOLDAR 1 1/4""
Grupo 114;"TUBO DE COBRE TIPO L Ø  4" x 6M"
Grupo 114;"TUBO DE COBRE TIPO L Ø 3/4" x 6M"
Grupo 114;"TUBO DE COBRE TIPO L Ø  3" x 6M"
Grupo 115;"TEE DE COBRE SOLDABLE 1 1/4" X 90°"
Grupo 115;"TEE DE COBRE SOLDABLE 1" X 90°"
Grupo 116;"TEE DE COBRE SOLDABLE 1 1/2" X 90°"
Grupo 116;"TEE DE COBRE SOLDABLE 2" X 90°"
Grupo 117;"JUNTA DE EXPANSION SISMICA DE 1 1/4""
Grupo 117;"JUNTA DE EXPANSION SISMICA DE 4""
Grupo 117;"JUNTA DE EXPANSION SISMICA DE 1 1/2""
Grupo 118;"JUNTA DE EXPANSION SISMICA DE 3""
Grupo 118;"JUNTA DE EXPANSION SISMICA DE 3/4""
Grupo 119;"MB-04 MUEBLE TABLERO AGLOMERADO  ENCHAPADO EN ACERO INOX. INC. INSTALACION"
Grupo 119;"MB-06 MUEBLE TABLERO AGLOMERADO  ENCHAPADO EN ACERO INOX. INC. INSTALACION"
Grupo 119;"MB-07 MUEBLE TABLERO AGLOMERADO  ENCHAPADO EN ACERO INOX. INC. INSTALACION"
Grupo 119;"MB-05a MUEBLE TABLERO AGLOMERADO  ENCHAPADO EN ACERO INOX. INC. INSTALACION"
Grupo 119;"MB-03a MUEBLE TABLERO AGLOMERADO  ENCHAPADO EN ACERO INOX. INC. INSTALACION"
Grupo 120;"BANDEJA PORTACABLE TIPO MALLA ELECTROZINCADO  h=105mm A=100mm"
Grupo 120;"BANDEJA PORTACABLE TIPO MALLA ELECTROZINCADO h=105mm A=300mm"
Grupo 121;"INTERRUPTOR TERMOMAGNETICO DE FUERZA 4x40 A"
Grupo 121;"INTERRUPTOR TERMOMAGNETICO DE FUERZA 4x400 A"
Grupo 121;"INTERRUPTOR TERMOMAGNETICO DE FUERZA 4x140 A"
Grupo 121;"INTERRUPTOR TERMOMAGNETICO DE FUERZA 4x120 A"
Grupo 121;"INTERRUPTOR TERMOMAGNETICO DE FUERZA 4x150 A"
Grupo 121;"INTERRUPTOR TERMOMAGNETICO DE FUERZA 4x160 A"
Grupo 122;"CODO DE COBRE SOLDABLE  1 1/4" x 90°"
Grupo 122;"CODO DE COBRE SOLDABLE  4" x 90°"
Grupo 123;"INTERRUPTOR TERMOMAGNETICO DE FUERZA 4x25 A"
Grupo 123;"INTERRUPTOR TERMOMAGNETICO DE FUERZA 4x250 A"
Grupo 124;"MAQUINA DE ANESTESIA CON MONITOREO AVANZADO"
Grupo 124;"P.A. MAQUINA DE ANESTESIA CON MONITOREO AVANZADO"
Grupo 125;"CODO DE COBRE SOLDABLE  3" x 90°"
Grupo 125;"CODO DE COBRE SOLDABLE  3/4" x 90°"
Grupo 126;"AISLAMIENTO TERMOACUSTICO PARA TUBERIA DE Ø 1-3" DE 2" DE ESPESOR"
Grupo 126;"AISLAMIENTO TERMOACUSTICO PARA TUBERIA DE Ø 3/4" DE 1" DE ESPESOR"
Grupo 127;"MICROSCOPIO QUIRURGICO PARA OFTALMOLOGIA"
Grupo 127;"P.A. MICROSCOPIO QUIRURGICO PARA OFTALMOLOGIA"
Grupo 128;"MONITOR DE FUNCIONES VITALES DE 5 PARAMETROS"
Grupo 128;"P.A. MONITOR DE FUNCIONES VITALES DE 5 PARAMETROS"
Grupo 128;"MONITOR DE FUNCIONES VITALES DE 7 PARAMETROS"
Grupo 129;"TUBERIA DE COBRE TIPO K ø 3""
Grupo 129;"TUBERIA DE COBRE TIPO K ø 3/4""
Grupo 129;"TUBERIA DE COBRE TIPO K ∅ 4""
Grupo 129;"TUBERIA DE COBRE TIPO K ø 6""
Grupo 130;"P.A. ECOGRAFO PARA EVALUACION MUSCO ESQUELETICO"
Grupo 130;"ECOGRAFO PARA EVALUACION MUSCO ESQUELETICO"
Grupo 131;"VALVULA CHECK DE BRONCE DE 3/4""
Grupo 131;"VALVULA CHECK DE BRONCE DE 4""
Grupo 131;"VALVULA CHECK DE BRONCE  ø 3""
Grupo 131;"VALVULA CHECK DE BRONCE Ø2""
Grupo 132;"YEE PVC CP DESAGUE - PESADA 2""
Grupo 132;"YEE PVC CP DESAGUE - PESADA 3"-2""
Grupo 132;"YEE PVC CP DESAGUE - PESADA 4"-2""
Grupo 132;"YEE PVC CP DESAGUE - PESADA 3""
Grupo 132;"YEE PVC CP DESAGUE - PESADA 4"-3""
Grupo 133;"Transformador de Aislamiento Trifasico 380/220 V, 10 KVA"
Grupo 133;"Transformador de Aislamiento Trifasico 380/220 V, 15 KVA"
Grupo 134;"SILLON METALICO SEMICONFORTABLE CON PORTABRAZOS UNIPERSONAL"
Grupo 134;"SILLON METALICO SEMICONFORTABLE SIN PORTABRAZOS UNIPERSONAL"
Grupo 135;"UNION UNIVERSAL DE BRONCE 3""
Grupo 135;"UNION UNIVERSAL DE BRONCE 3/4""
Grupo 135;"UNION UNIVERSAL DE BRONCE 4""
Grupo 135;"UNION UNIVERSAL DE BRONCE 1 1/4""
Grupo 136;"ABRAZADERA UNISTRUT DE 3/4""
Grupo 136;"ABRAZADERA UNISTRUT DE 4''"
Grupo 136;"ABRAZADERA UNISTRUT DE 1 1/4''"
Grupo 137;"PUERTA CORTAFUEGO DE METAL 1.00 m X 2.20 m"
Grupo 137;"PUERTA CORTAFUEGO DE METAL 1.20 m X 3.00 m"
Grupo 138;"RACK MOVIL PARA CAJAS E INSTRUMENTAL"
Grupo 138;"RACK MOVIL PARA CAJAS E INSTRUMENTAL 02"
Grupo 139;"PLANCHA O PANEL PARA DRYWALL: YESO RF 2.44m x 1.22m x 15mm"
Grupo 139;"PLANCHA O PANEL PARA DRYWALL: YESO RH 2.44m x 1.22m x 15mm"
Grupo 140;"MAMPARA VENTANAS CORREDIZAS MARCOS DE ALUMINIO VIDRIO TEMPLADO 10mm (M-1) 2.36x2.40m."
Grupo 140;"MAMPARA VENTANAS CORREDIZAS MARCOS DE ALUMINIO VIDRIO TEMPLADO 10mm (M-2) 3.26x2.40m."
Grupo 140;"MAMPARA VENTANAS CORREDIZAS MARCOS DE ALUMINIO VIDRIO TEMPLADO 10mm (M-8) 2.04x2.40m."
Grupo 141;"MAMPARA VENTANAS CORREDIZAS MARCOS DE ALUMINIO VIDRIO TEMPLADO 10mm (M-6) 3.10x3.00m."
Grupo 141;"MAMPARA VENTANAS CORREDIZAS MARCOS DE ALUMINIO VIDRIO TEMPLADO 10mm (M-9) 3.00x3.00m."
Grupo 141;"MAMPARA VENTANAS CORREDIZAS MARCOS DE ALUMINIO VIDRIO TEMPLADO 10mm (M-3) 5.63x3.00m."
Grupo 141;"MAMPARA VENTANAS CORREDIZAS MARCOS DE ALUMINIO VIDRIO TEMPLADO 10mm (M-4) 3.18x3.00m."
Grupo 142;"TUBO DE COBRE TIPO K Ø  1 1/4""
Grupo 142;"TUBO DE COBRE TIPO K Ø  1""
Grupo 142;"TUBO DE COBRE TIPO K Ø  3/4""
Grupo 142;"TUBO DE COBRE TIPO K Ø 3/8""
Grupo 143;"TUBO DE ACERO NEGRO ASTM A 500 DE 150 X 50 X 2.5MM"
Grupo 143;"TUBO DE ACERO NEGRO ASTM A 500 DE 50 X 50 X 2.5MM"
Grupo 143;"TUBO DE ACERO NEGRO ASTM A 500 DE 100 X 50 X 2.5MM"
Grupo 143;"TUBO DE ACERO NEGRO ASTM A 500 DE 50 X 50 X 2MM"
Grupo 143;"TUBO DE ACERO NEGRO ASTM A 500 DE 40 X 80 X 2.5MM"
Grupo 143;"TUBO DE ACERO NEGRO ASTM A 500 DE 40 X 60 X 2MM"
Grupo 144;"ANALIZADOR AUTOMATICO DE HEMOCULTIVO"
Grupo 144;"P.A. ANALIZADOR AUTOMATICO DE HEMOCULTIVO"
Grupo 145;"TEE DE COBRE SOLDABLE  4""
Grupo 145;"TEE DE COBRE SOLDABLE 3/4""
Grupo 145;"TEE DE COBRE SOLDABLE  3""
Grupo 146;"TAPÓN DE COBRE HEMBRA 1""
Grupo 146;"TAPÓN DE COBRE HEMBRA 1/2""
Grupo 146;"TAPÓN DE COBRE HEMBRA 1 1/4""
Grupo 146;"TAPÓN DE COBRE HEMBRA 3/4""
Grupo 147;"PUERTA CORTAFUEGO DE METAL 1.00 m X 3.00 m"
Grupo 147;"PUERTA CORTAFUEGO DE METAL 1.50 m X 3.00 m"
Grupo 147;"PUERTA CORTAFUEGO DE METAL 90 cm X 3.00 m"
Grupo 147;"PUERTA CORTAFUEGO DE METAL 2.40 m X 3.00 m"
Grupo 148;"YEE DE COBRE SOLDABLE  DE 4""
Grupo 148;"YEE DE COBRE SOLDABLE DE 4" - 3""
Grupo 149;"P.A. EQUIPO DE RAYOS X DENTAL RODABLE DIGITAL"
Grupo 149;"P.A. EQUIPO DE RAYOS X RODABLE DIGITAL"
Grupo 150;"TABLERO DE AISLAMIENTO EMPOTRABLE DE 01 ITF + 04 IT + 01 RIEL DE 04 ID"
Grupo 150;"TABLERO DE AISLAMIENTO EMPOTRABLE DE 01 ITF + 06 IT + 01 RIEL  DE 06 ID"
Grupo 151;"TUBO DE ACERO NEGRO ASTM A 500 DE 150 X 150 X 3MM"
Grupo 151;"TUBO DE ACERO NEGRO ASTM A 500 DE 50 X 50 X 3MM"
Grupo 152;"EXTRACTOR HELICOCENTRIFUGO 314 CFM, 130W, 220/1/60"
Grupo 152;"EXTRACTOR HELICOCENTRIFUGO 318 CFM, 130W, 220/1/60"
Grupo 153;"COLGADOR PARA 1 TUBERIA C/ACCESORIOS DE FIJACION"
Grupo 153;"COLGADOR PARA 2 TUBERIA C/ACCESORIOS DE FIJACION"
Grupo 154;"EXTRACTOR HELICOCENTRIFUGO 215 CFM, 102W, 220/1/60"
Grupo 154;"EXTRACTOR HELICOCENTRIFUGO 217 CFM, 102W, 220/1/60"
Grupo 154;"EXTRACTOR HELICOCENTRIFUGO 276 CFM, 102W, 220/1/60"
Grupo 154;"EXTRACTOR HELICOCENTRIFUGO 257 CFM, 102W, 220/1/60"
Grupo 154;"EXTRACTOR HELICOCENTRIFUGO 238 CFM, 102W, 220/1/60"
Grupo 154;"EXTRACTOR HELICOCENTRIFUGO 149 CFM, 102W, 220/1/60"
Grupo 154;"EXTRACTOR HELICOCENTRIFUGO 166 CFM, 102W, 220/1/60"
Grupo 154;"EXTRACTOR HELICOCENTRIFUGO 127 CFM, 102W, 220/1/60"
Grupo 154;"EXTRACTOR HELICOCENTRIFUGO 175 CFM, 102W, 220/1/60"
Grupo 154;"EXTRACTOR HELICOCENTRIFUGO 200 CFM, 102W, 220/1/60"
Grupo 154;"EXTRACTOR HELICOCENTRIFUGO 359 CFM, 102W, 220/1/60"
Grupo 154;"EEXTRACTOR HELICOCENTRIFUGO 265 CFM, 102W, 220/1/60"
Grupo 155;"EXTRACTOR HELICOCENTRIFUGO 280 CFM, 130W, 220/1/60"
Grupo 155;"EXTRACTOR HELICOCENTRIFUGO 283 CFM, 130W, 220/1/60"
Grupo 155;"EXTRACTOR HELICOCENTRIFUGO 282 CFM, 130W, 220/1/60"
Grupo 155;"EXTRACTOR HELICOCENTRIFUGO 380 CFM, 130W, 220/1/60"
Grupo 155;"EXTRACTOR HELICOCENTRIFUGO 372 CFM, 130W, 220/1/60"
Grupo 155;"EXTRACTOR HELICOCENTRIFUGO 344 CFM, 130W, 220/1/60"
Grupo 155;"EXTRACTOR HELICOCENTRIFUGO 331 CFM, 130W, 220/1/60"
Grupo 155;"EXTRACTOR HELICOCENTRIFUGO 323 CFM, 130W, 220/1/60"
Grupo 155;"EXTRACTOR HELICOCENTRIFUGO 308 CFM, 130W, 220/1/60"
Grupo 155;"EXTRACTOR HELICOCENTRIFUGO 292 CFM, 130W, 220/1/60"
Grupo 155;"EXTRACTOR HELICOCENTRIFUGO 240 CFM, 130W, 220/1/60"
Grupo 155;"EXTRACTOR HELICOCENTRIFUGO 239 CFM, 130W, 220/1/60"
Grupo 156;"P.A. UNIDAD DE TRATAMIENTO DE RESIDUOS HOSPITALARIOS"
Grupo 156;"UNIDAD DE TRATAMIENTO DE RESIDUOS HOSPITALARIOS"
Grupo 157;"INYECTOR HELICOCENTRIFUGO 282 CFM, 102W, 220/1/60"
Grupo 157;"INYECTOR HELICOCENTRIFUGO 286 CFM, 102W, 220/1/60"
Grupo 158;"CODO DE 90° PVC SAP, Ø1""
Grupo 158;"CODO DE 90° PVC SAP, Ø1/2""
Grupo 159;"P.A. DESFIBRILADOR EXTERNO AUTOMATICO"
Grupo 159;"DESFIBRILADOR EXTERNO AUTOMATICO"
Grupo 160;"INYECTOR HELICOCENTRIFUGO 194 CFM, 102W, 220/1/60"
Grupo 160;"INYECTOR HELICOCENTRIFUGO 195 CFM, 102W, 220/1/60"
Grupo 161;"INYECTOR HELICOCENTRIFUGO 216 CFM, 102W, 220/1/60"
Grupo 161;"INYECTOR HELICOCENTRIFUGO 217 CFM, 102W, 220/1/60"
Grupo 162;"EQUIPO DE RAYOS X DENTAL RODABLE DIGITAL"
Grupo 162;"EQUIPO DE RAYOS X RODABLE DIGITAL"
Grupo 163;"INTERRUPTOR TERMOMAGNETICO 4x25 A"
Grupo 163;"INTERRUPTOR TERMOMAGNETICO 4x250 A"
Grupo 164;"Luminaria downlight tipo Led 13 W para empotrar IP 20, IK2"
Grupo 164;"Luminaria downlight tipo Led 20.5 W para empotrar IP 20, IK2"
Grupo 164;"Luminaria  de luminaria downlight tipo Led 28 W para emptrar IP 20, IK2."
Grupo 165;"TEE DE COBRE TIPO L 1 1/2""
Grupo 165;"TEE DE COBRE TIPO L 1""
Grupo 166;"PIEDRA CHANCADA DE 1""
Grupo 166;"PIEDRA CHANCADA DE 1/2""
Grupo 167;"CLAVOS PARA MADERA C/C 2 1/2""
Grupo 167;"CLAVOS PARA MADERA C/C 2""
Grupo 168;"FILTRO TIPO YEE DE 1 ""
Grupo 168;"FILTRO TIPO YEE DE 1 1/2""
Grupo 169;"SUMINISTRO E INSTALACIÓN DE HUMIDIFICADOR CAP. 23.29 LB/H"
Grupo 169;"SUMINISTRO E INSTALACIÓN DE HUMIDIFICADOR CAP. 23.75 LB/H"
Grupo 169;"SUMINISTRO E INSTALACIÓN DE HUMIDIFICADOR CAP. 21 LB/H"
Grupo 169;"SUMINISTRO E INSTALACIÓN DE HUMIDIFICADOR CAP. 25.12 LB/H"
Grupo 169;"SUMINISTRO E INSTALACIÓN DE HUMIDIFICADOR CAP. 17.99 LB/H"
Grupo 169;"SUMINISTRO E INSTALACIÓN DE HUMIDIFICADOR CAP. 16.32 LB/H"
Grupo 169;"SUMINISTRO E INSTALACIÓN DE HUMIDIFICADOR CAP. 39.69 LB/H"
Grupo 169;"SUMINISTRO E INSTALACIÓN DE HUMIDIFICADOR CAP. 15.61 LB/H"
Grupo 169;"SUMINISTRO E INSTALACIÓN DE HUMIDIFICADOR CAP. 14.40 LB/H"
Grupo 169;"SUMINISTRO E INSTALACIÒN DE HUMIDIFICADOR CAP. 15.83 LB/H"
Grupo 170;"P.A. ANALIZADOR BIOQUIMICO AUTOMATIZADO"
Grupo 170;"ANALIZADOR BIOQUIMICO AUTOMATIZADO"
Grupo 171;"SET INSTRUMENTAL PARA EXAMEN GINECOLÓGICO 11"
Grupo 171;"SET INSTRUMENTAL PARA EXAMEN GINECOLÓGICO I"
Grupo 172;"TABLERO DE DISTRIBUCIÓN DE 01 ITF + 02 IT +02 RIEL DE 12 ID"
Grupo 172;"TABLERO DE DISTRIBUCIÓN DE 01 ITF + 10 IT +02 RIEL DE 10 ID"
Grupo 172;"TABLERO DE DISTRIBUCIÓN DE 01 ITF + 08 IT +02 RIEL DE 08 ID"
Grupo 173;"LAVADOR DESINFECTOR DE 2 PUERTAS"
Grupo 173;"P.A. LAVADOR DESINFECTOR DE 2 PUERTAS"
Grupo 174;"CAJA PARA VALVULAS CON MARCO Y TAPA 30 X 30 CM"
Grupo 174;"CAJA PARA VALVULAS CON MARCO Y TAPA 35 X 35 CM"
Grupo 175;"Luminaria panel tipo Led 30.5 W de 0.60 x 0.60 m para empotrar IP 20, IK2"
Grupo 175;"Luminaria panel tipo Led 36 W de 0.60 x 0.60 m para empotrar IP 20, IK2"
Grupo 176;"VALVULA DE CIERRE 1 1/2""
Grupo 176;"VALVULA DE CIERRE 1""
Grupo 177;"JUEGO DE REPARACION PARA VOLVO COD. REF. 276097"
Grupo 177;"JUEGO DE REPARACION PARA VOLVO COD. REF. 276098"
Grupo 178;"NIPLE DE F° GALV. DE 1 1/2""
Grupo 178;"NIPLE DE F° GALV. DE 2" X 2 1/2""
Grupo 178;"NIPLE DE F° GALV. DE 1""
Grupo 178;"NIPLE DE F° GALV. DE 4""
Grupo 179;"ROLLO DE VENDA ELASTICA DE 3 PULG. X 5 YARDAS"
Grupo 179;"ROLLO DE VENDA ELASTICA DE 4 PULG. X 5 YARDAS"
Grupo 180;"SUMINISTRO E INSTALACION UMA(unidad manejadora de aire) - 970 CFM"
Grupo 180;"SUMINISTRO E INSTALACION UMA(unidad manejadora de aire) - 990 CFM"
Grupo 181;"SOPORTES VERTICALES  EN PARED PARA 1 TUBERIAS"
Grupo 181;"SOPORTES VERTICALES  EN PARED PARA 2 TUBERIAS"
Grupo 182;"BUTACA DE 3 CUERPOS CON UN ASIENTO DE 0.80CM"
Grupo 182;"BUTACA DE 4 CUERPOS CON UN ASIENTO DE 0.80CM"
Grupo 183;"MESA DE OPERACIONES HIDRAULICA/ELECTRICA"
Grupo 183;"P.A. MESA DE OPERACIONES HIDRAULICA/ELECTRICA"
Grupo 184;"MONITOR DE FUNCIONES VITALES DE TRANSPORTE"
Grupo 184;"P.A. MONITOR DE FUNCIONES VITALES DE TRANSPORTE"
Grupo 185;"TORNILLO AUTOAVELLANANTE PUNTA BROCA 6X1""
Grupo 185;"TORNILLO AUTOAVELLANANTE PUNTA BROCA 6X2""
Grupo 186;"SWITCH PARA RED DE 48 PUERTOS"
Grupo 186;"SWITCH PARA RED DE 48 PUERTOS POE"
Grupo 186;"SWITCH PARA RED - DE BORDE DE 48 PUERTOS"
Grupo 186;"SWITCH PARA RED DE 24 PUERTOS POE"
Grupo 186;"SWITCH PARA RED DE 16 PUERTOS POE"
Grupo 187;"P.A. AUTOKERATOREFRACTÓMETRO FIJO"
Grupo 187;"AUTOKERATOREFRACTÓMETRO FIJO"
Grupo 188;"TEE DE COBRE  ø 3/4" x 3/4""
Grupo 188;"TEE DE COBRE ø 4"x 4""
Grupo 188;"TEE DE COBRE Ø 4"X3""
Grupo 188;"TEE DE COBRE ø 4"x 2 1/2""
Grupo 188;"TEE DE COBRE  ø 2" x 2""
Grupo 188;"TEE DE COBRE Ø 3"X3""
Grupo 189;"TABLERO DE DISTRIBUCIÓN DE 01 ITF + 04 IT +01 RIEL DE 04 ID"
Grupo 189;"TABLERO DE DISTRIBUCIÓN DE 01 ITF + 06 IT +01 RIEL DE 06 ID"
Grupo 190;"P.A. EQUIPO COMPACTADOR DE RESIDUOS SOLIDOS"
Grupo 190;"EQUIPO COMPACTADOR DE RESIDUOS SOLIDOS"
Grupo 191;"P.A. TORRE DE VIDEO CIRUGIA HISTEROSCOPICA"
Grupo 191;"TORRE DE VIDEO CIRUGIA HISTEROSCOPICA"
Grupo 192;"GRABADOR DIGITAL DE VIDEO Y AUDIO - VIDEOGRABADOR DIGITAL GRABADORA DE VIDEO EN RED (NVR) 16 CANALES"
Grupo 192;"GRABADOR DIGITAL DE VIDEO Y AUDIO - VIDEOGRABADOR DIGITAL GRABADORA DE VIDEO EN RED (NVR) 32 CANALES"
Grupo 193;"UNIDAD CENTRAL DE PROCESO - CPU"
Grupo 193;"UNIDAD CENTRAL DE PROCESOS CPU"
Grupo 194;"INCUBADORA NEONATAL ABIERTA"
Grupo 194;"P.A. INCUBADORA NEONATAL ABIERTA"
Grupo 195;"P.A. EQUIPO DE RAYOS X ESTACIONARIO DIGITAL"
Grupo 195;"EQUIPO DE RAYOS X ESTACIONARIO DIGITAL"
Grupo 196;"P.A. TORRE DE VIDEO CIRUGIA LAPAROSCOPICA"
Grupo 196;"TORRE DE VIDEO CIRUGIA LAPAROSCOPICA"
Grupo 197;"SUMINISTRO E INSTALACION TANQUE DIARIO DE PETROLEO 200 GLNS"
Grupo 197;"SUMINISTRO E INSTALACION TANQUE DIARIO DE PETROLEO 250 GLNS"
Grupo 198;"Luminaria hermética tipo Led 18 W para suspender IP 65, IK08"
Grupo 198;"Luminaria hermética tipo Led 36 W para suspender IP 65, IK08"
Grupo 199;"PUERTA CORTAFUEGO DE METAL 60 cm X 2.20 m"
Grupo 199;"PUERTA CORTAFUEGO DE METAL 65 cm X 2.20 m"
Grupo 199;"PUERTA CORTAFUEGO DE METAL 60 cm X 2.00 m"
Grupo 199;"PUERTA CORTAFUEGO DE METAL 80 cm X 2.20 m"
Grupo 199;"PUERTA CORTAFUEGO DE METAL 90 cm X 2.20 m"
Grupo 200;"BANDEJA PARA FIBRA OPTICA DE 02 PUERTOS"
Grupo 200;"BANDEJA PARA FIBRA OPTICA DE 03 PUERTOS"
Grupo 200;"BANDEJA PARA FIBRA OPTICA DE 04 PUERTOS"
Grupo 201;"TABLERO DE CONTROL ELECTRICO DE 23 POLOS"
Grupo 201;"TABLERO ELECTRICO DE CONTROL DE 20 POLOS"
Grupo 201;"TABLERO ELECTRICO DE CONTROL DE 16 POLOS"
Grupo 202;"BANDEJA PARA FIBRA OPTICA DE 30 PUERTOS"
Grupo 202;"BANDEJA PARA FIBRA OPTICA DE 36 PUERTOS"
Grupo 203;"LÁMPARA QUIRÚRGICA DE TECHO SIMPLE"
Grupo 203;"P.A. LÁMPARA QUIRÚRGICA DE TECHO SIMPLE"
Grupo 204;"CAMARA DE VIDEO DIGITAL IP TIPO DOMO"
Grupo 204;"CAMARA DE VIDEO DIGITAL IP TIPO DOMO - CAMARA TIPO PTZ"
Grupo 205;"TERMINALES PARA CONDUCTORES DE 10 MM2"
Grupo 205;"TERMINALES PARA CONDUCTORES DE 16 MM2"
Grupo 205;"TERMINALES PARA CONDUCTORES DE 120 MM2"
Grupo 206;"TUBERIA CONDUIT EMT FLEXIBLE Ø 20 MM"
Grupo 206;"TUBERIA CONDUIT EMT FLEXIBLE Ø 25 MM"
Grupo 207;"ADHESIVO EPOXICO PARA ANCLAJES X 1 KG"
Grupo 207;"ADHESIVO EPOXICO PARA ANCLAJES X 5 Kg"
Grupo 208;"P.A. COAGUL6METRO AUTOMATIZADO"
Grupo 208;"COAGUL6METRO AUTOMATIZADO"
Grupo 209;"SUMINISTRO E INSTALACIÓN DE HUMIDIFICADOR CAP. 20.64 LB/H"
Grupo 209;"SUMINISTRO E INSTALACIÓN DE HUMIDIFICADOR CAP. 45.20 LB/H"
Grupo 210;"Adquisición de tacho negro de 120 lt con tapa y ruedas de HDPE"
Grupo 210;"Adquisición de tacho negro de 220 lt con tapa y ruedas de HDPE"
Grupo 210;"Adquisición de tacho negro de 400 lt con tapa y ruedas de HDPE"
Grupo 210;"Adquisición de tacho negro de 660 lt con tapa y ruedas de HDPE"
Grupo 211;"INYECTOR HELICOCENTRIFUGO 114 CFM, 102W, 220/1/60"
Grupo 211;"INYECTOR HELICOCENTRIFUGO 222 CFM, 102W, 220/1/60"
Grupo 211;"INYECTOR HELICOCENTRIFUGO 235 CFM, 102W, 220/1/60"
Grupo 211;"INYECTOR HELICOCENTRIFUGO 249 CFM, 102W, 220/1/60"
Grupo 211;"INYECTOR HELICOCENTRIFUGO 150 CFM, 102W, 220/1/60"
Grupo 211;"INYECTOR HELICOCENTRIFUGO 180 CFM, 102W, 220/1/60"
Grupo 212;"TUBERIA PVC - PESADA PARA DESAGUE DE 3"X3M"
Grupo 212;"TUBERIA PVC - PESADA PARA DESAGUE DE 6"X3M"
Grupo 212;"TUBERIA PVC - PESADA PARA DESAGUE DE 4"X3M"
Grupo 212;"TUBERIA PVC - PESADA PARA DESAGUE DE 2"X3M"
Grupo 213;"TERMINALES PARA CONDUCTORES DE 4 MM2"
Grupo 213;"TERMINALES PARA CONDUCTORES DE 6 MM2"
Grupo 213;"TERMINALES PARA CONDUCTORES DE 50 MM2"
Grupo 213;"TERMINALES PARA CONDUCTORES DE 95 MM2"
Grupo 213;"TERMINALES PARA CONDUCTORES DE 70 MM2"
Grupo 213;"TERMINALES PARA CONDUCTORES DE 25 MM2"
Grupo 213;"TERMINALES PARA CONDUCTORES DE 35 MM2"
Grupo 214;"NIPLE DE COBRE DE 1 1/2""
Grupo 214;"NIPLE DE COBRE DE 1""
Grupo 215;"ANGULAR DE 1 1/2 x 1 1/2 x 1/4"
Grupo 215;"ANGULAR DE 1 1/4  x 1 1/4 x 1/4"
Grupo 216;"PLACA DE ALUMINIO ANONIZADO 2 HUECOS"
Grupo 216;"PLACA DE ALUMINIO ANONIZADO 3 HUECOS"
Grupo 216;"PLACA DE ALUMINIO ANONIZADO 1 HUECO"
Grupo 217;"INYECTOR CENTRIFUGO DE AIRE 1381 CFM"
Grupo 217;"INYECTOR CENTRIFUGO DE AIRE 1387 CFM"
Grupo 218;"MÓDULOS DE PSICOMOTRICIDAD PARA NIÑOS 1 A 3 AÑOS"
Grupo 218;"MÓDULOS DE PSICOMOTRICIDAD PARA NIÑOS 3 AÑOS A MAS"
Grupo 219;"Adquisición de tacho rojo de 120 lt  con tapa y ruedas  HDPE"
Grupo 219;"Adquisición de tacho rojo de 220 lt  con tapa y ruedas  HDPE"
Grupo 219;"Adquisición de tacho rojo de 660 lt  con tapa y ruedas  HDPE"
Grupo 220;"INYECTOR CENTRIFUGO DE AIRE 458 CFM"
Grupo 220;"INYECTOR CENTRIFUGO DE AIRE 459 CFM"
Grupo 220;"INYECTOR CENTRIFUGO DE AIRE 453 CFM"
Grupo 221;"INYECTOR CENTRIFUGO DE AIRE 460 CFM"
Grupo 221;"INYECTOR CENTRIFUGO DE AIRE 465 CFM"
Grupo 221;"INYECTOR CENTRIFUGO DE AIRE 1165 CFM"
Grupo 222;"INYECTOR CENTRIFUGO DE AIRE 624 CFM"
Grupo 222;"INYECTOR CENTRIFUGO DE AIRE 625 CFM"
Grupo 222;"INYECTOR CENTRIFUGO DE AIRE 632 CFM"
Grupo 222;"INYECTOR CENTRIFUGO DE AIRE 832 CFM"
Grupo 223;"P.A. FACOEMULSIFICADOR CON VITREOFAGO"
Grupo 223;"FACOEMULSIFICADOR CON VITREOFAGO"
Grupo 224;"P.A. EQUIPO DE OXIGENOTERAPIA RODABLE"
Grupo 224;"EQUIPO DE OXIGENOTERAPIA RODABLE"
Grupo 225;"INYECTOR CENTRIFUGO DE AIRE 491 CFM"
Grupo 225;"INYECTOR CENTRIFUGO DE AIRE 496 CFM"
Grupo 226;"INTERRUPTOR TERMOMAGNETICO DE FUERZA 4x600 A"
Grupo 226;"INTERRUPTOR TERMOMAGNETICO DE FUERZA 4x63 A"
Grupo 227;"INTERRUPTOR TERMOMAGNETICO DE FUERZA 4x300 A"
Grupo 227;"INTERRUPTOR TERMOMAGNETICO DE FUERZA 4x32 A"
Grupo 228;"INTERRUPTOR TERMOMAGNETICO DE FUERZA 4x180 A"
Grupo 228;"INTERRUPTOR TERMOMAGNETICO DE FUERZA 4x80 A"
Grupo 229;"CABLE ÓPTICO PRECONECTORIZADO MM OM4 DE 5M, 24 HILOS"
Grupo 229;"CABLE ÓPTICO PRECONECTORIZADO MM OM4 DE 7M, 24 HILOS"
Grupo 229;"CABLE ÓPTICO PRECONECTORIZADO MM OM4 DE 9M, 24 HILOS"
Grupo 230;"UNIDAD DE AIRE ACONDICIONADO TIPO SPLIT DECORATIVO DE 12000 BTU/H"
Grupo 230;"UNIDAD DE AIRE ACONDICIONADO TIPO SPLIT DECORATIVO DE 9000 BTU/H"
Grupo 230;"UNIDAD DE AIRE ACONDICIONADO TIPO SPLIT DECORATIVO DE 24000 BTU/H"
Grupo 231;"TUBERIA ELECTRICA PVC SAP Ø 20 MM"
Grupo 231;"TUBERIA ELECTRICA PVC SAP Ø 25 MM"
Grupo 231;"TUBERIA ELECTRICA PVC SAP Ø 50 MM"
Grupo 231;"TUBERIA ELECTRICA PVC SAP Ø 40 MM"
Grupo 232;"TERMINAL DE COBRE DE COMPRESION 10 mm2"
Grupo 232;"TERMINAL DE COBRE DE COMPRESION 16 MM2"
Grupo 233;"Puerta de fierro PF-03 (1.20X3.00M) incluye accesorios y pintura"
Grupo 233;"Puerta de fierro PF-07  (1.20x3.00)incluye accesorios y pintura"
Grupo 233;"Puerta de fierro PF-04 (1.50X3.00M) incluye accesorios y pintura"
Grupo 233;"Puerta de fierro PF-05 (1.80X3.00M) incluye accesorios y pintura"
Grupo 233;"Puerta de fierro PF-06 (2.40X3.00M) incluye accesorios y pintura"
Grupo 233;"Puerta de fierro PF-10 (1.00x2.05)  incluye accesorios y pintura"
Grupo 233;"Puerta de fierro PF-01 (1.50X2.60M) incluye accesorios y pintura"
Grupo 234;"INCUBADORA DE MICROBIOLOGIA CO2"
Grupo 234;"P.A. INCUBADORA DE MICROBIOLOGIA CO2"
Grupo 235;"SUMINISTRO E INSTALACIÓN DE CAMARA DE CONGELACIÓN PARA PESCADOS ( VOLUMEN 7 M3, TEMPERATURA MAX. -20°C, POTENCIA DE REFRIGERACIÓN MÍNIMA 6280 BTU/H)."
Grupo 235;"SUMINISTRO E INSTALACIÓN DE CAMARA DE CONGELACIÓN PARA PRODUCTOS CONGELADOS  ( VOLUMEN 7 M3,TEMPERATURA  MAX. -20°C,  POTENCIA DE REFRIGERACIÓN MÍNIMA 6280 BTU/H)."
Grupo 235;"SUMINISTRO E INSTALACIÓN DE CAMARA DE CONGELACIÓN PARA PRODUCTOS CARNICOS ( VOLUMEN 7.44 M3, TEMPERATURA  MAX. -20°C, POTENCIA DE REFRIGERACIÓN MÍNIMA 9800 BTU/H)."
Grupo 236;"REDUCCION PVC CP DESAGUE - PESADA 4"-2""
Grupo 236;"REDUCCION PVC CP DESAGUE - PESADA 4"-3""
Grupo 236;"REDUCCION PVC CP DESAGUE - PESADA 3"-2""
Grupo 237;"(V-1')1.05 X 1.80m MARCOS DE ALUMINIO VIDRIO LAMINADO 6mm"
Grupo 237;"(V-13)0.80 X 1.80m MARCOS DE ALUMINIO VIDRIO LAMINADO 6mm"
Grupo 237;"(V-11)1.09 X 1.80m MARCOS DE ALUMINIO VIDRIO LAMINADO 6mm"
Grupo 237;"(V-9)2.00 X 1.80m MARCOS DE ALUMINIO VIDRIO LAMINADO 6mm"
Grupo 237;"marco (V-17)1.10 X 1.80m MARCOS DE ALUMINIO VIDRIO LAMINADO 6mm"
Grupo 237;"marco (V-7)2.80 X 1.00m MARCOS DE ALUMINIO VIDRIO LAMINADO 6mm"
Grupo 237;"marco (V-18)0.70 X 1.80m MARCOS DE ALUMINIO VIDRIO LAMINADO 6mm"
Grupo 237;"(V-1)1.50 X 1.80 m MARCOS DE ALUMINIO VIDRIO LAMINADO 6mm"
Grupo 238;"INTERRUPTOR TERMOMAGNETICO 2x20 A"
Grupo 238;"INTERRUPTOR TERMOMAGNETICO 2x25 A"
Grupo 239;"CODO PVC CP DESAGUE PESADA DE 2" x 45º"
Grupo 239;"CODO PVC CP DESAGUE PESADA DE 3" x 45º"
Grupo 240;"CODO PVC CP DESAGUE PESADA DE 2" x 90º"
Grupo 240;"CODO PVC CP DESAGUE PESADA DE 3" x 90º"
Grupo 241;"PERNO DE 1/2" X 7 in CON TUERCA"
Grupo 241;"PERNO DE 5/8 " X 7 1/2 in CON TUERCA"
Grupo 242;"P.A. COCHE DE PARO EQUIPADO"
Grupo 242;"COCHE DE PARO EQUIPADO"
Grupo 243;"ESCALERA DE FIBRA DE VIDRIO TIPO TIJERA 12 PASOS"
Grupo 243;"ESCALERA DE FIBRA DE VIDRIO TIPO TIJERA 8 PASOS"
Grupo 243;"ESCALERA DE FIBRA DE VIDRIO 12 PASOS"
Grupo 244;"VENTANA (V-2)1.20 X 1.80m MARCOS DE ALUMINIO VIDRIO LAMINADO 6mm"
Grupo 244;"ventana (V-8)1.62 X 1.80m MARCOS DE ALUMINIO VIDRIO LAMINADO 6mm"
Grupo 245;"UNION ELECTRICA PVC SAP Ø 20 MM"
Grupo 245;"UNION ELECTRICA PVC SAP Ø 25 MM"
Grupo 245;"UNION ELECTRICA PVC SAP Ø 80 MM"
Grupo 245;"UNION ELECTRICA PVC SAP Ø 50 MM"
Grupo 245;"UNION ELECTRICA PVC SAP Ø 100 MM"
Grupo 246;"PIÑON PARA VOLVO COD. REF. 8550977"
Grupo 246;"PIÑON PARA VOLVO COD. REF. 8550978"
Grupo 247;"CURVA ELECTRICA PVC SAP Ø 20 MM"
Grupo 247;"CURVA ELECTRICA PVC SAP Ø 25 MM"
Grupo 247;"CURVA ELECTRICA PVC SAP Ø 50 MM"
Grupo 247;"CURVA ELECTRICA PVC SAP Ø 80 MM"
Grupo 247;"CURVA ELECTRICA PVC SAP Ø 100 MM"
Grupo 248;"ESTERILIZADOR CON GENERADOR ELECTRICO DE VAPOR DE 30 LT."
Grupo 248;"ESTERILIZADOR CON GENERADOR ELECTRICO DE VAPOR DE 40 LT"
Grupo 248;"ESTERILIZADOR CON GENERADOR ELECTRICO DE VAPOR DE 2O LT"
Grupo 249;"TUB. PVC SAP P/INST. ELECT. NTP-399.006 DE 20MM X 3M."
Grupo 249;"TUB. PVC SAP P/INST. ELECT. NTP-399.006 DE 40MM X 3M."
Grupo 249;"TUB. PVC SAP P/INST. ELECT. NTP-399.006 DE 50MM X 3M."
Grupo 249;"TUB. PVC SAP P/INST. ELECT. NTP-399.006 DE 80MM X 3M."
Grupo 249;"TUB. PVC SAP P/INST. ELECT. NTP-399.006 DE 100MM X 3M."
Grupo 250;"BIDESTILADOR DE AGUA 4 LITROS/H"
Grupo 250;"BIDESTILADOR DE AGUA 8 LITROS/H"
Grupo 251;"PIÑON PARA VOLVO COD. REF. 1696924"
Grupo 251;"PIÑON PARA VOLVO COD. REF. 1696925"
Grupo 252;"ventana de aluminio de 1.05 m x 1.80 m con RPT"
Grupo 252;"ventana de aluminio de 1.14 m x 1.80 m con RPT"
Grupo 252;"ventana de aluminio de 1.30 m x 1.80 m con RPT"
Grupo 252;"ventana de aluminio de 1.50 m x 1.80 m con RPT"
Grupo 252;"ventana de aluminio de 1.20 m x 1.80 m con RPT"
Grupo 253;"FUENTE DE PODER RACKEABLE, 13.8 VDC, ≥15 A"
Grupo 253;"FUENTE DE PODER RACKEABLE, 13.8 VDC, ≥30 A"
Grupo 254;"SUMINISTRO E INSTALACION UMA(unidad manejadora de aire) - 1046 CFM"
Grupo 254;"SUMINISTRO E INSTALACION UMA(unidad manejadora de aire) - 1654 CFM"
Grupo 255;"Adquisición de tacho amarillo de 50 lt  con tapa HDPE"
Grupo 255;"Adquisición de tacho amarillo de 60 lt  con tapa HDPE"
Grupo 255;"Adquisición de tacho amarillo de 40 lt  con tapa HDPE"
Grupo 255;"Adquisición de tacho amarillo de 20 lt  con tapa HDPE"
Grupo 256;"INYECTOR HELICOCENTRIFUGO 307 CFM, 130W, 220/1/60"
Grupo 256;"INYECTOR HELICOCENTRIFUGO 335 CFM, 130W, 220/1/60"
Grupo 256;"INYECTOR HELICOCENTRIFUGO 342 CFM, 130W, 220/1/60"
Grupo 257;"P.A. CAMARA RETINAL NO MIDRIATICA"
Grupo 257;"CAMARA RETINAL NO MIDRIATICA"
Grupo 258;"FILTRO DE AIRE COD. REF. AT332908"
Grupo 258;"FILTRO DE AIRE COD. REF. AT332909"
Grupo 259;"CRISTAL TEMPLADO INCOLORO 6 mm"
Grupo 259;"CRISTAL TEMPLADO INCOLORO 8 mm"
Grupo 259;"CRISTAL TEMPLADO INCOLORO 10 mm"
Grupo 260;"INYECTOR HELICOCENTRIFUGO 262 CFM, 130W, 220/1/60"
Grupo 260;"INYECTOR HELICOCENTRIFUGO 276 CFM, 130W, 220/1/60"
Grupo 260;"INYECTOR HELICOCENTRIFUGO 254 CFM, 130W, 220/1/60"
Grupo 261;"CURVA PVC SAP P/INST. ELECT. NTP 399.006 DE 20mm"
Grupo 261;"CURVA PVC SAP P/INST. ELECT. NTP 399.006 DE 40mm"
Grupo 262;"SET INSTRUMENTAL DE PEQUEÑAS INTERVENCIONES QUIRURGICAS"
Grupo 262;"SET INSTRUMENTAL PARA PEQUEÑAS INTERVENCIONES QUIRURGICAS"
Grupo 263;"Puerta cortafuegos (PCF-01) 1.20x2.20m.  incluye accesorios y pintura"
Grupo 263;"Puerta cortafuegos (PCF-05)1.50x2.20m.  incluye accesorios y pintura"
Grupo 264;"MAMPARA VENTANAS CORREDIZAS MARCOS DE ALUMINIO VIDRIO TEMPLADO 10mm (M-5) 2.20x3.00m."
Grupo 264;"MAMPARA VENTANAS CORREDIZAS MARCOS DE ALUMINIO VIDRIO TEMPLADO 10mm (M-7) 2.02x3.00m."
Grupo 265;"Adquisición de tacho negro de 20 lt con tapa HDPE"
Grupo 265;"Adquisición de tacho negro de 40 lt con tapa HDPE"
Grupo 265;"Adquisición de tacho negro de 60 lt  con tapa HDPE"
Grupo 266;"CAJA F°G° PESADA DE 100X100X100 MM"
Grupo 266;"CAJA F°G° PESADA DE 100X100X50 MM"
Grupo 266;"CAJA F°G° PESADA DE 100X100X75 MM"
Grupo 267;"marco (V-19)5.50 X 1.00m MARCOS DE ALUMINIO VIDRIO LAMINADO 6mm"
Grupo 267;"(V-15)0.50 X 1.00m MARCOS DE ALUMINIO VIDRIO LAMINADO 6mm"
Grupo 267;"(V-12)1.00 X 1.00m MARCOS DE ALUMINIO VIDRIO LAMINADO 6mm"
Grupo 267;"marco (V-15a)0.40 X 1.00m MARCOS DE ALUMINIO VIDRIO LAMINADO 6mm"
Grupo 267;"marco (V-16)3.70 X 1.00m MARCOS DE ALUMINIO VIDRIO LAMINADO 6mm"
Grupo 268;"P.A. BOMBA DE INFUSION DE 2 CANALES"
Grupo 268;"BOMBA DE INFUSION DE 2 CANALES"
Grupo 269;"P.A. EQUIPO DE LASER TERAPEUTICO"
Grupo 269;"EQUIPO DE LASER TERAPEUTICO"
Grupo 270;"PLACA FRONTAL DE 2 PUERTOS DE RED"
Grupo 270;"PLACA FRONTAL DE 3 PUERTOS DE RED"
Grupo 271;"SENSOR DE HUMO Y TEMPERATURA DIRECCIONABLE PARA INCENDIO"
Grupo 271;"SENSOR DE TEMPERATURA DIRECCIONABLE PARA INCENDIO"
Grupo 272;"Adquisición de tacho rojo de 40 lt  con tapa  HDPE"
Grupo 272;"Adquisición de tacho rojo de 60 lt  con tapa  HDPE"
Grupo 272;"Adquisición de tacho rojo de 20 lt  con tapa  HDPE"
Grupo 273;"TUBERIA PVC CP- PESADA  Ø 2"x3M"
Grupo 273;"TUBERIA PVC CP- PESADA  Ø 6"x3M"
Grupo 273;"TUBERIA PVC CP- PESADA  Ø 4"x3M"
Grupo 273;"TUBERIA PVC CP- PESADA  Ø 3"x3M"
Grupo 273;"TUBERIA PVC CP- PESADA  Ø 6"x5M"
Grupo 274;"REGISTRO COLGADO DE BRONCE 3""
Grupo 274;"REGISTRO COLGADO DE BRONCE 4""
Grupo 274;"REGISTRO COLGADO DE BRONCE 2""
Grupo 275;"TUBO PVC-U DESAGÜE 3" x 3 M e=2 MM SIMPLE PRESIÓN COLOR: GRIS"
Grupo 275;"TUBO PVC-U DESAGÜE 4" x 3M e=2.6 MM SIMPLE PRESIÓN COLOR: GRIS"
Grupo 276;"BRIDA ROMPE AGUA DE ACERO ø 4""
Grupo 276;"BRIDA ROMPE AGUA DE ACERO ø 6""
Grupo 277;"TUBERIA CONDUIT EMT DE 20 mm"
Grupo 277;"TUBERIA CONDUIT EMT DE 25 mm"
Grupo 277;"TUBERIA CONDUIT EMT DE 50 mm"
Grupo 277;"TUBERIA CONDUIT EMT DE 65 mm"
Grupo 277;"TUBERIA CONDUIT EMT DE 40 mm"
Grupo 278;"ELECTRODO PARA SOLDADURA 6011"
Grupo 278;"ELECTRODO PARA SOLDADURA 6013"
Grupo 278;"ELECTRODO PARA SOLDADURA"
Grupo 278;"ELECTRODO PARA SOLDADURA 7018"
Grupo 279;"PRENSAESTOPA PARA TUBO EMT FLEXIBLE DE 20MM"
Grupo 279;"PRENSAESTOPA PARA TUBO EMT FLEXIBLE DE 25MM"
Grupo 280;"TELEVISOR LED SMART TV DE 42" APROX. INC. RACK"
Grupo 280;"TELEVISOR LED SMART TV DE 5O" APROX. INC. RACK"
Grupo 280;"TELEVISOR LED SMART TV DE 32" APROX. INC. RACK"
Grupo 281;"PLANCHA DE ACERO NEGRO LAC DE 1.22M X 2.40M x 3MM"
Grupo 281;"PLANCHA DE ACERO NEGRO LAC DE 1.22M X 2.40M x 6MM"
Grupo 282;"Adquisición de tacho amarillo de 120 lt  con tapa y ruedas HDPE"
Grupo 282;"Adquisición de tacho amarillo de 400 lt  con tapa y ruedas HDPE"
Grupo 283;"CABLE 7A PRECONECTORIZADO DE 7M, 6 CABLES"
Grupo 283;"CABLE 7A PRECONECTORIZADO DE 9M, 6 CABLES"
Grupo 283;"CABLE 7A PRECONECTORIZADO DE 5M, 6 CABLES"
Grupo 284;"TEE SANITARIA PVC SAL - PESADA 2""
Grupo 284;"TEE SANITARIA PVC SAL - PESADA 3""
Grupo 284;"TEE SANITARIA PVC SAL - PESADA 4""
Grupo 284;"TEE SANITARIA PVC CP - PESADA 4""
Grupo 285;"P.A. ECÓGRAFO DOPPLER COLOR 4D"
Grupo 285;"ECÓGRAFO DOPPLER COLOR 4D"
Grupo 285;"P.A. ECÓGRAFO DOPPLER COLOR 3D"
Grupo 286;"P.A. BOMBA DE INFUSION DE JERINGA"
Grupo 286;"BOMBA DE INFUSION DE JERINGA"
Grupo 287;"P.A. BOMBA DE INFUSION DE 1 CANAL"
Grupo 287;"BOMBA DE INFUSION DE 1 CANAL"
Grupo 288;"TOMACORRIENTE INDUSTRIAL MONOFASICO CON TOMA TIERRA CON TAPA DE SEGURIDAD"
Grupo 288;"TOMACORRIENTE INDUSTRIAL TRIFASICO CON TOMA TIERRA CON TAPA DE SEGURIDAD"
Grupo 289;"MESA DE ACERO INOXIDABLE 1.14x70cm"
Grupo 289;"MESA DE ACERO INOXIDABLE 1.24x70cm"
Grupo 290;"REDUCCION SCH - 40 6" - 3""
Grupo 290;"REDUCCION SCH - 40 6" - 4""
Grupo 291;"PINTURA ESMALTE SINTETICO"
Grupo 291;"PINTURA ESMALTE SINTETICO MATE"
Grupo 292;"P.A. VENTILADOR DE TRANSPORTE"
Grupo 292;"VENTILADOR DE TRANSPORTE"
Grupo 293;"CONECTOR CONDUIT EMT DE 20 mm"
Grupo 293;"CONECTOR CONDUIT EMT DE 25 mm"
Grupo 293;"CONECTOR CONDUIT EMT DE 40 mm"
Grupo 293;"CONECTOR CONDUIT EMT DE 50 mm"
Grupo 293;"CONECTOR CONDUIT EMT DE 65 mm"
Grupo 294;"INCUBADORA DE TRANSPORTE"
Grupo 294;"P.A. INCUBADORA DE TRANSPORTE"
Grupo 295;"DUCTO DE PLANCHA DE ACERO GALV 1/32 SEGUN PLANO"
Grupo 295;"DUCTO DE PLANCHA DE ACERO GALV 1/40 SEGUN PLANO"
Grupo 296;"Cable N2XOH  de 1 x 35 mm2 Alimentadores"
Grupo 296;"Cable N2XOH  de 1 x 95 mm2 Alimentadores"
Grupo 297;"AGITADOR DE TUBOS"
Grupo 297;"P.A. AGITADOR DE TUBOS"
Grupo 298;"NIPLE DE F° GALV. DE 3" X 40 CM"
Grupo 298;"NIPLE DE F° GALV. DE 6" X 40 CM"
Grupo 299;"UNION UNIVERSAL DE Fo. GALV. DE 4""
Grupo 299;"UNION UNIVERSAL DE Fo. GALV. DE 6""
Grupo 299;"UNION UNIVERSAL DE Fo. GALV. DE 3""
Grupo 299;"UNION UNIVERSAL DE Fo. GALV. DE 2 1/2""
Grupo 300;"Prensaestopa METALICO CONDUIT EMT 40mm"
Grupo 300;"Prensaestopa METALICO CONDUIT EMT 50mm"
Grupo 300;"Prensaestopa METALICO CONDUIT EMT 20mm"
Grupo 301;"Prensaestopa METALICO CONDUIT EMT 35mm"
Grupo 301;"Prensaestopa METALICO CONDUIT EMT 65mm"
Grupo 301;"Prensaestopa METALICO CONDUIT EMT 25mm"
Grupo 302;"CODO PVC SAL - PESADA 2"x90º"
Grupo 302;"CODO PVC SAL - PESADA 4"x90º"
Grupo 302;"CODO PVC SAL - PESADA 6"x90º"
Grupo 303;"CODO PVC SAL - PESADA 4"x45º"
Grupo 303;"CODO PVC SAL - PESADA 6"x45º"
Grupo 304;"CODO SCH - 40 3" x 90º"
Grupo 304;"CODO SCH - 40 4" x 90º"
Grupo 304;"CODO SCH - 40 6" x 90º"
Grupo 305;"P.A. CAMPIMETRO COMPUTARIZADO"
Grupo 305;"CAMPIMETRO COMPUTARIZADO"
Grupo 306;"CABLE DAC 100G DE 2M"
Grupo 306;"CABLE DAC 10G DE 2M"
Grupo 307;"UNION SIMPLE DE COBRE DE 3/4""
Grupo 307;"UNION SIMPLE DE COBRE DE 3/8""
Grupo 308;"CABLE DE FIBRA OPTICA MULTIMODO OM4 DE 8 HILOS EXTERIOR"
Grupo 308;"CABLE DE FIBRA OPTICA MULTIMODO OM4 DE 8 HILOS INTERIOR"
Grupo 309;"ventana (V-6)0.80 X 1.00m MARCOS DE ALUMINIO VIDRIO LAMINADO 6mm"
Grupo 309;"ventana (V-6a)0.60 X 1.80m MARCOS DE ALUMINIO VIDRIO LAMINADO 6mm"
Grupo 310;"P.A. TONÓMETRO DE AIRE"
Grupo 310;"TONÓMETRO DE AIRE"
Grupo 311;"Puerta de fierro PF-08 (4.43x3.00) incluye accesorios y pintura"
Grupo 311;"Puerta de fierro PF-09 (4.00x3.00)  incluye accesorios y pintura"
Grupo 312;"VENTANA (V-3)1.10 X 1.00m MARCOS DE ALUMINIO VIDRIO LAMINADO 6mm"
Grupo 312;"VENTANA (V-4)1.50 X 1.00m MARCOS DE ALUMINIO VIDRIO LAMINADO 6mm"
Grupo 313;"Ventanas de fierro con malla metalica cocada 1"x1" (VF-02) 2.40x1.00m.  incluye accesorios y pintura"
Grupo 313;"Ventanas de fierro con malla metalica cocada 1"x1" (VF-03)1.83x1.00m. incluye accesorios y pintura"
Grupo 313;"Ventanas de fierro con malla metalica cocada 1"x1" (VF-01) 4.45x1.60m.  incluye accesorios y pintura"
Grupo 314;"P.A. ECÓGRAFO OFTALMOLÓGICO"
Grupo 314;"ECÓGRAFO OFTALMOLÓGICO"
Grupo 315;"SOPORTE SISMICO DE 2 VIAS"
Grupo 315;"SOPORTE SISMICO DE 4 VIAS"
Grupo 316;"NEGATOSCOPIO DE 2 CAMPOS"
Grupo 316;"NEGATOSCOPIO DE 4 CAMPOS"
Grupo 317;"P.A. UNIDAD DENTAL COMPLETA"
Grupo 317;"UNIDAD DENTAL COMPLETA"
Grupo 318;"EXTRACTOR CENTRIFUGO DE AIRE 1230 CFM"
Grupo 318;"EXTRACTOR CENTRIFUGO DE AIRE 1248 CFM"
Grupo 318;"EXTRACTOR CENTRIFUGO DE AIRE 1218 CFM"
Grupo 318;"EXTRACTOR CENTRIFUGO DE AIRE 1290 CFM"
Grupo 319;"VALVULA DE GLOBO DE BRONCE Ø 1" - ROSCADA"
Grupo 319;"VALVULA DE GLOBO DE BRONCE Ø 3/4" - ROSCADA"
Grupo 320;"CONDUCTOR DE COBRE DESNUDO CABLEADO DE 35 MM2"
Grupo 320;"CONDUCTOR DE COBRE DESNUDO CABLEADO DE 50 MM2"
Grupo 321;"UNION FLEXIBLE ∅ 4""
Grupo 321;"UNION FLEXIBLE Ø3/4""
Grupo 322;"Interruptor simple Tipo Palanca Balancin Grado Hospitalario"
Grupo 322;"Interruptor Triple Tipo Palanca Balancin Grado Hospitalario"
Grupo 322;"Interruptor Doble Tipo Palanca Balancin Grado Hospitalario"
Grupo 323;"EXTRACTOR CENTRIFUGO DE AIRE 1011 CFM"
Grupo 323;"EXTRACTOR CENTRIFUGO DE AIRE 1048 CFM"
Grupo 323;"EXTRACTOR CENTRIFUGO DE AIRE 1063 CFM"
Grupo 323;"EXTRACTOR CENTRIFUGO DE AIRE 1074 CFM"
Grupo 323;"EXTRACTOR CENTRIFUGO DE AIRE 1093 CFM"
Grupo 324;"TUBERIA PVC UF ISO 4435 SN2 DN 200mm"
Grupo 324;"TUBERIA PVC UF ISO 4435 SN2 DN 300mm"
Grupo 324;"TUBERIA PVC UF ISO 4435 SN2 DN 250mm"
Grupo 325;"EXTRACTOR CENTRIFUGO DE AIRE 1307 CFM"
Grupo 325;"EXTRACTOR CENTRIFUGO DE AIRE 1397 CFM"
Grupo 326;"EXTRACTOR CENTRIFUGO DE AIRE 1445 CFM"
Grupo 326;"EXTRACTOR CENTRIFUGO DE AIRE 1480 CFM"
Grupo 327;"LAVADORA CENTRIFUGA AUTOMÁTICA DE 2 PUERTAS( BARRERA SANITARIA), INDUSTRIAL 40/50KG"
Grupo 327;"P.A. LAVADORA CENTRIFUGA AUTOMATICA DE 2 PUERTAS (BARRERA SANITARIA), INDUSTRIAL 40/50 KG"
Grupo 328;"Puerta cortafuegos (PCF-02) 2.80x2.20m.  incluye accesorios y pintura"
Grupo 328;"Puerta cortafuegos (PCF-04)2.30x2.20m.  incluye accesorios y pintura"
Grupo 328;"Puerta cortafuegos (PCF-03) 2.40x2.20m.  incluye accesorios y pintura"
Grupo 329;"CAJA FILTRANTE DE PLANCHA GALVANIZADA PARA SISTEMA"
Grupo 329;"CAJA FILTRANTE DE PLANCHA GALVANIZADA PARA SISTEMA  (13876 CFM)"
Grupo 330;"P.A. CUNA DE CALOR RADIANTE"
Grupo 330;"CUNA DE CALOR RADIANTE"
Grupo 331;"EXTRACTOR CENTRIFUGO DE AIRE 808 CFM"
Grupo 331;"EXTRACTOR CENTRIFUGO DE AIRE 874 CFM"
Grupo 331;"EXTRACTOR CENTRIFUGO DE AIRE 743 CFM"
Grupo 332;"TRAMPA PVC SAL "P" PESADA  2""
Grupo 332;"TRAMPA PVC SAL "P" PESADA  4""
Grupo 332;"TRAMPA PVC SAL "P" PESADA  3""
Grupo 333;"CONECTOR PVC SAP P/INST. ELECT. DE 50MM"
Grupo 333;"CONECTOR PVC SAP P/INST. ELECT. DE 80MM"
Grupo 333;"CONECTOR PVC SAP P/INST. ELECT. DE 40MM"
Grupo 333;"CONECTOR PVC SAP P/INST. ELECT. DE 20MM"
Grupo 333;"CONECTOR PVC SAP P/INST. ELECT. DE 100MM"
Grupo 334;"CONECTOR PVC SAP P/INST. ELECT. DE 25MM"
Grupo 334;"CONECTOR PVC SAP P/INST. ELECT. DE 35MM"
Grupo 335;"MONITOR FETAL GEMELAR"
Grupo 335;"P.A. MONITOR FETAL GEMELAR"
Grupo 336;"EXTRACTOR CENTRIFUGO DE AIRE 960 CFM"
Grupo 336;"EXTRACTOR CENTRIFUGO DE AIRE 987 CFM"
Grupo 336;"EXTRACTOR CENTRIFUGO DE AIRE 924 CFM"
Grupo 337;"CONCRETO PREMEZCLADO C/CEMENTO TIPO IP f'c=175 kg/cm2"
Grupo 337;"CONCRETO PREMEZCLADO C/CEMENTO TIPO IP f'c=280 kg/cm2"
Grupo 337;"CONCRETO PREMEZCLADO C/CMENTO TIPO IP f'c=210 kg/cm2"
Grupo 338;"INYECTOR CENTRIFUGO DE AIRE 448 CFM"
Grupo 338;"INYECTOR CENTRIFUGO DE AIRE 489 CFM"
Grupo 339;"INYECTOR CENTRIFUGO DE AIRE 432 CFM"
Grupo 339;"INYECTOR CENTRIFUGO DE AIRE 477 CFM"
Grupo 340;"INYECTOR CENTRIFUGO DE AIRE 504 CFM"
Grupo 340;"INYECTOR CENTRIFUGO DE AIRE 527 CFM"
Grupo 340;"INYECTOR CENTRIFUGO DE AIRE 540 CFM"
Grupo 340;"INYECTOR CENTRIFUGO DE AIRE 554 CFM"
Grupo 341;"INYECTOR CENTRIFUGO DE AIRE 364 CFM"
Grupo 341;"INYECTOR CENTRIFUGO DE AIRE 376 CFM"
Grupo 341;"INYECTOR CENTRIFUGO DE AIRE 311 CFM"
Grupo 342;"INYECTOR CENTRIFUGO DE AIRE 747 CFM"
Grupo 342;"INYECTOR CENTRIFUGO DE AIRE 784 CFM"
Grupo 343;"INYECTOR CENTRIFUGO DE AIRE 941 CFM"
Grupo 343;"INYECTOR CENTRIFUGO DE AIRE 987 CFM"
Grupo 344;"PATCH CORD DE FIBRA OPTICA LC-LC X 2M"
Grupo 344;"PATCH CORD DE FIBRA OPTICA LC-LC X 3M"
Grupo 344;"PATCH CORD DE FIBRA OPTICA LC-LC X 1M"
Grupo 345;"EQUIPO AA SPLIT DUCTO TIPO HEAT PUMP (FRIO CALOR)  44500 BTU/hr"
Grupo 345;"EQUIPO AA SPLIT DUCTO TIPO HEAT PUMP (FRIO CALOR)  59000 BTU/hr"
Grupo 345;"EQUIPO AA SPLIT DUCTO TIPO HEAT PUMP (FRIO CALOR)  32800 BTU/hr"
Grupo 346;"EXTINTOR CO2 12KG Inc. Accesorios de Instalacion"
Grupo 346;"EXTINTOR H20 12KG INC. Accesorios de Instalacion"
Grupo 347;"Cable Cu N2XOH 1x10 mm2"
Grupo 347;"Cable Cu N2XOH 1x16 mm2"
Grupo 347;"Cable Cu N2XOH 1x120 mm2"
Grupo 347;"Cable Cu N2XOH 1x6 mm2"
Grupo 347;"Cable Cu N2XOH 1x25 mm2"
Grupo 347;"Cable Cu N2XOH 1x50 mm2"
Grupo 347;"Cable Cu N2XOH 1x70 mm2"
Grupo 348;"TORNILLO AUTOPERFORANTE 1""
Grupo 348;"TORNILLO AUTOPERFORANTE DE 1/2""
Grupo 348;"TORNILLO AUTOPERFORANTE DE 10X2""
Grupo 349;"TERMINAL DE COBRE DE COMPRESION 35 MM2"
Grupo 349;"TERMINAL DE COBRE DE COMPRESION 50 MM2"
Grupo 349;"TERMINAL DE COBRE DE COMPRESION 25 MM2"
Grupo 350;"UNION PVC SAP P/INST. ELECT. DE 20mm"
Grupo 350;"UNION PVC SAP P/INST. ELECT. DE 25mm"
Grupo 350;"UNION PVC SAP P/INST. ELECT. DE 40mm"
Grupo 350;"UNION PVC SAP P/INST. ELECT. DE 35mm"
Grupo 351;"SOLDADURA ALEACION PLATA (44%), COBRE (30%), ZINC (26%)"
Grupo 351;"SOLDADURA ALEACION PLATA (45%), COBRE (30%), ZINC (25%)"
Grupo 352;"Cerradura tipo A"
Grupo 352;"Cerradura tipo C"
Grupo 352;"Cerradura tipo B"
Grupo 352;"CERRADURA TIPO D"
Grupo 352;"Cerradura tipo E"
Grupo 352;"Cerradura tipo F"
Grupo 352;"Cerradura tipo H"
Grupo 352;"Cerradura tipo I"
Grupo 352;"Cerradura tipo K"
Grupo 352;"Cerradura tipo L"
Grupo 352;"CERRADURA TIPO O"
Grupo 352;"CERRADURA TIPO P"
Grupo 353;"PERNO DE ACERO 1/4" X 1" CON TUERCA"
Grupo 353;"PERNO DE ACERO 3/8" X 1" CON TUERCA"
Grupo 354;"PIPETA AUTOMATICA 10 - 100 UL"
Grupo 354;"PIPETA AUTOMATICA 200 - 1000 UL"
Grupo 355;"INTERRUPTOR TERMOMAGNETICO 4x40 A"
Grupo 355;"INTERRUPTOR TERMOMAGNETICO 4x80 A"
Grupo 355;"INTERRUPTOR TERMOMAGNETICO 4x32 A"
Grupo 356;"INCUBADORA ESTANDAR"
Grupo 356;"P.A. INCUBADORA ESTANDAR"
Grupo 357;"TABLERO DE TRIPLAY DE 4 MM 1.22X2.44M"
Grupo 357;"TABLERO DE TRIPLAY DE 6MM 1.22X2.44M"
Grupo 358;"TUB. PVC SAP P/INST. ELECT. DE 25mm"
Grupo 358;"TUB. PVC SAP P/INST. ELECT. DE 35mm"
Grupo 359;"PIPETA AUTOMATICA 5 - 50 UL"
Grupo 359;"PIPETA AUTOMATICA 50 - 200 UL"
Grupo 360;"ESTANTERIA DE ACERO INOXIDABLE DE 0I CUERPO 03 DIVISIONES"
Grupo 360;"ESTANTERIA DE ACERO INOXIDABLE DE O1 CUERPO O5 DIVISIONES"
Grupo 361;"RIEL UNISTRUD 41X21X1.5 MM"
Grupo 361;"RIEL UNISTRUD 41X41X1.5 MM"
Grupo 362;"P.A. VIDEO GASTROSCOPIO"
Grupo 362;"VIDEO GASTROSCOPIO"
Grupo 363;"CLAVOS PARA MADERA C/C 3""
Grupo 363;"CLAVOS PARA MADERA C/C 4""
Grupo 364;"REGISTRO DE BRONCE DE 2""
Grupo 364;"REGISTRO DE BRONCE DE 3""
Grupo 364;"REGISTRO DE BRONCE DE 4""
Grupo 365;"TENSIOMETRO DIGITAL PEDIÁTRICO NEONATAL"
Grupo 365;"TENSIOMETRO DIGITAL RODABLE PEDIÁTRICO NEONATAL"
Grupo 366;"SUMIDERO DE BRONCE DE 2""
Grupo 366;"SUMIDERO DE BRONCE DE 3""
Grupo 366;"SUMIDERO DE BRONCE DE 4""
Grupo 367;"ACOPLE SCH - 40 4""
Grupo 367;"ACOPLE SCH - 40 6""
Grupo 367;"ACOPLE SCH - 40 3""
Grupo 368;"ABRAZADERA DE 1" CON DOS OREJAS"
Grupo 368;"ABRAZADERA DE 3/4" CON DOS OREJAS"
Grupo 369;"SOPORTE METALICO P/TUBERIA EN PISO INC. ACCESORIOS DE FIJACION"
Grupo 369;"SOPORTE METALICO P/TUBERIAS EN PARED INC. ACCESORIOS DE FIJACION"
Grupo 370;"SET INSTRUMENTAL DE CIRUGIA DENTAL"
Grupo 370;"SET INSTRUMENTAL DE CIRUGIA MENOR"
Grupo 370;"SET INSTRUMENTAL DE CIRUGIA MAYOR"
Grupo 371;"COMPACTADOR VIBRO APISONADOR TIPO CANGURO"
Grupo 371;"COMPACTADOR VIBRO APISONADOR TIPO CANGURO (Servida)"
Grupo 372;"CONECTOR SPLIT BOLD DE CU PARA CABLE DE 25mm2"
Grupo 372;"CONECTOR SPLIT BOLD DE CU PARA CABLE DE 50mm2"
Grupo 373;"BORNE DE TIERRA BIMETALICO"
Grupo 373;"BORNE DE TIERRA METALICO"
Grupo 374;"CONTENEDOR RODABLE PARA RESIDUOS SOLIDOS (178L Aprox.)"
Grupo 374;"CONTENEDOR RODABLE PARA RESIDUOS SOLIDOS (240L Aprox.)"
Grupo 375;"SILLON METALICO SEMICONFORTABLE SIN PORTABRAZOS 2 CUERPOS"
Grupo 375;"SILLÓN METALICO SEMICONFORTABLE SIN PORTABRAZOS 3 CUERPOS"
Grupo 376;"P.A. VIDEO COLPOSCOPIO"
Grupo 376;"VIDEO COLPOSCOPIO"
Grupo 377;"CUMBRERA INFERIOR DE 0.70mx0.35 m, PARA TEJA ANDINA"
Grupo 377;"CUMBRERA SUPERIOR DE 0.70mx0.35 m, PARA TEJA ANDINA"
Grupo 378;"REJILLAS DE INYECCION CON DAMPER CORTAFUERGO 1200*800MM"
Grupo 378;"REJILLAS DE INYECCION CON DAMPER CORTAFUERGO REJILLAS DE INYECCION CON DAMPER CORTAFUERGO 600*600MM"
Grupo 378;"REJILLAS DE INYECCION CON DAMPER CORTAFUERGO 450*450MM"
Grupo 379;"TEE PVC SAL - PESADA 2""
Grupo 379;"TEE PVC SAL - PESADA 4""
Grupo 380;"TABLERO DE CONTROL DE GASES MEDICINALES PARA SISTEMAS DE OXIGENO Y VACIO."
Grupo 380;"TABLERO DE CONTROL DE GASES MEDICINALES PARA SISTEMAS DE OXIGENO, VACIO Y AIRE COMPRIMIDO MEDICINAL."
Grupo 381;"COMPACTADOR VIBR. TIPO PLANCHA 4 HP (servida)"
Grupo 381;"COMPACTADOR VIBR. TIPO PLANCHA 4 HP"
Grupo 382;"TORNILLO AUTOROSCANTE PUNTA FINA 6X32mm"
Grupo 382;"TORNILLO AUTOROSCANTE PUNTA FINA 6X41mm"
Grupo 383;"BOLSA DE POLIETILENO 2 µm X 1.00 m X 1.20 m COLOR AZUL"
Grupo 383;"BOLSA DE POLIETILENO 2 µm X 1.00 m X 1.20 m COLOR ROJO"
Grupo 384;"TANQUE DE HIDROTERAPIA PARA MIEMBROS INFERIORES"
Grupo 384;"TANQUE DE HIDROTERAPIA PARA MIEMBROS SUPERIORES"
Grupo 385;"CABLE FPL 2X14 AWG"
Grupo 385;"CABLE FPL 2X18 AWG"
Grupo 385;"CABLE FPL 2X16 AWG"
Grupo 386;"CAMARA DE VIDEO DIGITAL PANORAMICA 180°"
Grupo 386;"CAMARA DE VIDEO DIGITAL PANORAMICA 270°"
Grupo 387;"CODO 90° DE COBRE ø 4""
Grupo 387;"CODO 90° DE COBRE ø 6""
Grupo 388;"P.A. ESPECTROFOTOMETRO"
Grupo 388;"ESPECTROFOTOMETRO"
Grupo 389;"FILTRO CORRUGADO 16" x 16" x 1""
Grupo 389;"FILTRO CORRUGADO 24" x 24" x 1""
Grupo 390;"PUNTO DE ACCESO INALAMBRICO - ACCESS POINT WIRELESS"
Grupo 390;"PUNTO DE ACCESO INALAMBRICO - ACCESS POINT WIRELESS PROVISIONAL"
Grupo 391;"DISPOSITIVO AHUYENTADOR DE AVES POR ULTRASONIDO"
Grupo 391;"DISPOSITIVO AHUYENTADOR DE ROEDORES POR ULTRASONIDO"
Grupo 392;"BOLSA DE POLIETILENO 1.5 µm X 90 cm X 1.07 m COLOR NEGRO"
Grupo 392;"BOLSA DE POLIETILENO 1.5 µm X 90 cm X 1.07 m COLOR ROJO"
Grupo 393;"IMPRESORA LASER MULTIFUNCIONAL"
Grupo 393;"IMPRESORA MULTIFUNCIONAL"
Grupo 394;"REGLA DE ALUMINIO 1 1/2"X3" X 6M"
Grupo 394;"REGLA DE ALUMINIO 1" X 4" X 6m"
Grupo 395;"SET INSTRUMENTAL PARA ENDODONCIA"
Grupo 395;"SET INSTRUMENTAL PARA EXODONCIA"
Grupo 396;"POR PROYECTO DE DEMOLICION DE ARQUITECTURA-COLEGIO DE ARQUITECTOS"
Grupo 396;"POR PROYECTO DE DEMOLICION DE ARQUITECTURA-COLEGIO DE INGENIEROS"
Grupo 397;"ACCESORIOS DE FIJACION"
Grupo 397;"ACCESORIOS P.FIJACION"
Grupo 398;"UNION CONDUIT EMT DE 50 mm"
Grupo 398;"UNION CONDUIT EMT DE 65 mm"
Grupo 398;"UNION CONDUIT EMT DE 40 mm"
Grupo 398;"UNION CONDUIT EMT DE 25 mm"
Grupo 399;"FILTRO PERMAIRE 16" x 16" x 2""
Grupo 399;"FILTRO PERMAIRE 24" x 24" x 2""
Grupo 400;"REFRIGERADORA 15 PIES CUBICOS"
Grupo 400;"REFRIGERADORA DE 14 PIES CUBICOS"
Grupo 401;"Pago al Ministerio De Cultura - PRA"
Grupo 401;"SERVICIO DE PAGO AL MINISTERIO DE CULTURA - PRA"
Grupo 402;"LAVATORIO TIPO A-2a (CERAMICA VITRIFICADA DE 23"X18", AGUA FRIA Y CALIENTE)"
Grupo 402;"LAVATORIO TIPO A-3 (CERAMICA VITRIFICADA DE 23"X18", AGUA FRIA)"
Grupo 403;"ADAPTADOR PVC SAP 1 1/2""
Grupo 403;"ADAPTADOR PVC SAP DE 1""
Grupo 404;"PLANCHA DE ACERO LAC ASTM A 36 2.40M X 1.20M X 3MM"
Grupo 404;"PLANCHA DE ACERO LAC ASTM A 36 DE 1.22M X 2.40M X 6MM"
Grupo 405;"CRUZ SCH - 40 3""
Grupo 405;"CRUZ SCH - 40 4""
Grupo 406;"DISCO DE CORTE PARA METAL  Ø  4 1/2""
Grupo 406;"DISCO DE CORTE PARA METAL Ø 14"."
